listing_id,listing_date,city,price,bedrooms,bathrooms,sqft_living,sqft_lot,floors,condition,yr_built,waterfront
3907,2024-01-20,Renton,"$198,000",2.0,1.5,1150,4250.0,1.0,,1986.0,0
3220,2024-05-10,Seattle,"$506,000",,1.5,1930,4420.0,1.5,4.0,1992.0,0
3125,2024-05-10,,"$501,000",3.0,2.5,1660,11190.0,1.0,,1985.0,0
1604,2024-06-19,Kirkland,"$763,000",3.0,2.0,2640,5270.0,1.5,3.0,2015.0,0
1563,2024-02-02,Kirkland,"$502,000",,1.5,1870,8080.0,1.0,3.0,1978.0,0
3269,2024-06-19,kirkland,"$402,000",1.0,1.0,1610,,2.0,3.0,1904.0,0
2403,2024-02-15,Renton,"$306,000",3.0,2.0,1410,2150.0,2.0,3.0,2017.0,0
3068,2024-06-06,Renton,"$376,000",3.0,2.5,1740,6570.0,1.5,3.0,1954.0,0
1733,2024-04-04,Seattle,"$254,000",1.0,1.0,1090,28020.0,1.5,3.0,1925.0,0
1728,2024-06-12,Seattle,"$466,000",4.0,3.0,1910,18010.0,1.0,4.0,1960.0,0
1771,2024-03-19,Seattle,"$365,000",3.0,2.5,1450,8490.0,1.0,3.0,1992.0,0
3206,2024-01-05,Redmond,"$374,000",3.0,,1550,5080.0,1.0,1.0,1933.0,0
1562,2024-03-04,Seattle,"$754,000",5.0,2.5,3150,5150.0,1.0,4.0,1960.0,0
3166,2024-06-10,Seattle,"$321,000",2.0,2.5,1360,5240.0,1.0,5.0,1910.0,0
1415,2024-05-29,Seattle,"$491,000",3.0,2.5,2020,9740.0,2.0,5.0,1987.0,0
2797,2024-04-26,Redmond,"$402,000",2.0,1.0,1700,7460.0,2.0,3.0,,0
1641,2024-03-12,Kirkland,"$488,000",2.0,1.5,1850,3570.0,1.0,4.0,1988.0,0
3926,2024-06-21,Redmond,"$753,000",,3.0,2830,8900.0,1.0,3.0,1956.0,0
2996,2024-06-05,Kirkland,"$814,000",3.0,2.5,3210,6720.0,1.0,4.0,1959.0,0
3697,2024-02-05,KIRKLAND,"$1,051,000",6.0,3.0,3720,2830.0,3.0,4.0,,0
3781,2024-05-02,Seattle,"$1,306,000",7.0,4.5,4670,2570.0,1.0,3.0,1996.0,1
1588,2024-04-02,Seattle,"$526,000",3.0,2.0,1470,2810.0,2.0,3.0,2009.0,1
3398,2024-05-13,Seattle,"$522,000",2.0,,2180,,1.0,4.0,1947.0,0
3042,2024-04-09,KIRKLAND,"$479,000",3.0,3.0,1630,9310.0,1.5,5.0,2007.0,0
1181,2024-04-23,Renton,"$502,000",3.0,2.0,2500,5490.0,1.0,4.0,2004.0,0
3833,2024-02-03,Bellevue,"$661,000",3.0,1.5,1990,4370.0,1.5,3.0,1931.0,0
2620,2024-05-17,Seattle ,"$358,000",2.0,2.0,1490,12670.0,3.0,4.0,,0
2458,2024-06-06,Bellevue,"$595,000",2.0,2.0,2030,6690.0,1.0,4.0,1951.0,0
3481,2024-05-16,Bellevue,"$790,000",3.0,2.0,2630,7930.0,1.0,3.0,2001.0,0
1960,2024-05-26,Bellevue,"$343,000",1.0,1.0,840,5120.0,1.0,5.0,2003.0,0
1670,2024-02-21,,"$413,000",2.0,2.0,1170,10230.0,2.0,,1995.0,0
1225,2024-03-19,Seattle,"$447,000",2.0,2.5,1730,4730.0,3.0,5.0,1912.0,0
3808,2024-05-25,Kirkland,"$674,000",4.0,3.5,"2,480 sqft",8920.0,1.0,4.0,1932.0,0
3335,2024-01-04,Bellevue,"$283,000",1.0,1.0,940,3060.0,2.0,4.0,1934.0,0
3486,2024-01-23,Bellevue,"$518,000",3.0,2.5,1740,6340.0,1.0,3.0,2008.0,0
2206,2024-02-28,Seattle,"$338,000",4.0,3.0,1340,,1.0,3.0,1979.0,0
1569,2024-04-27,Bellevue,"$872,000",5.0,3.0,3020,7590.0,3.0,2.0,1945.0,0
1363,2024-05-12,Seattle,"$714,000",2.0,2.0,2360,2620.0,1.0,3.0,1919.0,1
3295,2024-02-06,Seattle,"$394,000",2.0,1.5,1730,15900.0,1.5,4.0,1919.0,0
2529,2024-01-05,Seattle,"$459,000",3.0,2.0,1870,14100.0,2.0,,1978.0,0
1378,2024-02-23,Bellevue,"$386,000",3.0,2.5,1590,15270.0,2.0,3.0,1920.0,0
2369,2024-02-05,Seattle,"$644,000",4.0,3.5,2790,4700.0,1.5,4.0,1996.0,0
1848,2024-04-02,Redmond,"$597,000",4.0,3.0,2170,12550.0,1.5,4.0,1950.0,0
2574,2024-03-10,Kirkland,"$739,000",2.0,2.0,2470,4780.0,2.0,4.0,2001.0,0
2364,2024-01-12,Seattle,"$341,000",2.0,1.5,1730,5080.0,1.5,2.0,1917.0,0
2337,2024-05-12,Seattle,"$492,000",3.0,2.5,1780,7810.0,1.5,3.0,2000.0,0
2707,2024-05-06,Seattle,"$376,000",2.0,2.5,1540,4850.0,3.0,3.0,1904.0,0
2531,2024-05-30,SEATTLE,"$378,000",,,1530,8450.0,1.5,5.0,1943.0,0
2476,2024-06-07, Bellevue,"$545,000",1.0,1.5,1860,7110.0,2.0,4.0,1902.0,0
2969,2024-04-20,Bellevue,"$619,000",3.0,2.5,1950,15500.0,1.0,4.0,1940.0,0
2203,2024-05-02,Kirkland,"$421,000",4.0,3.0,1540,5850.0,1.5,3.0,1923.0,0
1638,2024-06-13,Kirkland,"$638,000",3.0,3.0,2450,8480.0,2.0,3.0,2014.0,0
1808,2024-01-09,Seattle,"$297,000",1.0,2.0,1090,2860.0,2.5,3.0,2000.0,0
3985,2024-02-23,Seattle,"$437,000",3.0,2.5,1990,8700.0,1.5,4.0,,0
1837,2024-02-25,Kirkland,"$680,000",3.0,1.5,2470,2330.0,1.0,3.0,1946.0,0
2521,2024-06-03,SEATTLE,"$509,000",2.0,1.5,2190,6800.0,2.0,5.0,1956.0,0
2135,2024-06-12,Renton,"$335,000",1.0,1.0,1850,7060.0,1.0,2.0,1908.0,0
3732,2024-05-24,Seattle,"$633,000",4.0,2.0,2700,23450.0,2.0,4.0,1950.0,0
1276,2024-04-28,bellevue,"$859,000",5.0,2.0,2720,4450.0,1.0,4.0,,0
3971,2024-02-11,Bellevue,"$693,000",3.0,2.5,1990,6940.0,1.0,2.0,2015.0,0
1593,2024-02-14,Seattle,"$793,000",5.0,4.0,3290,6840.0,1.0,5.0,1908.0,0
1122,2024-01-07,Redmond,"$466,000",2.0,2.0,1620,1500.0,2.0,5.0,1941.0,0
3490,2024-04-22,Redmond,"$503,000",3.0,3.0,1790,8180.0,1.5,3.0,1994.0,0
3533,2024-04-22,Redmond,"$624,000",4.0,2.5,2250,7540.0,1.5,5.0,,0
3681,2024-01-23,Kirkland,"$890,000",4.0,2.5,3160,4160.0,1.0,4.0,2022.0,0
1486,2024-06-24,Bellevue,"$663,000",4.0,3.5,1990,7160.0,2.0,5.0,1948.0,0
2184,2024-06-02,,"$749,000",4.0,3.5,2820,,1.0,5.0,2014.0,0
3855,2024-01-11,Kirkland ,"$360,000",3.0,3.0,1380,4640.0,2.0,3.0,1948.0,0
1770,2024-01-17,Redmond,"$419,000",1.0,1.5,1470,6960.0,1.5,1.0,1918.0,0
2948,2024-05-27,Renton,"$336,000",2.0,1.5,1570,16990.0,1.0,3.0,2021.0,0
2392,2024-01-04,Kirkland,"$395,000",3.0,3.0,1370,6830.0,1.0,1.0,1942.0,0
2722,2024-01-24,Seattle,"$470,000",3.0,2.5,2000,4060.0,1.0,3.0,1979.0,0
3218,2024-03-11,Renton,"$687,000",5.0,3.0,3360,8680.0,1.5,3.0,,0
1998,2024-02-16,Seattle,"$294,000",1.0,1.0,"1,310 sqft",3370.0,1.5,5.0,1926.0,0
2041,2024-01-07,Seattle,"$877,000",5.0,2.5,3450,1830.0,1.5,4.0,1983.0,0
3301,2024-06-17,Renton,"$785,000",6.0,4.0,3890,5690.0,2.0,3.0,1904.0,0
2388,2024-04-03,Seattle,"$310,000",1.0,1.0,1480,6080.0,1.0,3.0,1952.0,0
1413,2024-01-30,Seattle,"$369,000",3.0,2.0,1750,12640.0,1.5,3.0,1903.0,0
1524,2024-01-22,Redmond,"$537,000",3.0,2.0,2060,3710.0,1.0,3.0,1985.0,0
2194,2024-04-26,Renton,"$589,000",4.0,2.5,2710,8000.0,1.0,4.0,1993.0,0
3529,2024-02-10,Kirkland,"$431,000",3.0,3.0,1800,8500.0,2.0,2.0,1932.0,0
3238,2024-01-17,Seattle,"$624,000",3.0,3.0,2450,17330.0,1.0,4.0,1997.0,0
1663,2024-06-11,Seattle,"$1,125,000",6.0,4.0,4550,2030.0,1.0,3.0,2010.0,0
1096,2024-03-26,Redmond,"$332,000",3.0,2.5,1420,3530.0,1.0,3.0,1976.0,0
3475,2024-01-14,Bellevue,"$520,000",2.0,1.0,1920,11100.0,1.0,4.0,1945.0,0
2399,2024-02-26,Redmond,"$513,000",4.0,3.0,1250,,1.0,3.0,2020.0,1
3811,2024-04-28,Seattle,"$540,000",3.0,2.5,2390,3650.0,1.0,3.0,,0
1469,2024-05-08, Seattle,"$595,000",3.0,2.5,2540,11010.0,1.5,3.0,1922.0,0
3053,2024-01-31,Bellevue,"$655,000",3.0,3.0,2200,3460.0,2.0,3.0,1958.0,0
1359,2024-06-12,Bellevue,"$583,000",4.0,3.0,2090,11780.0,1.0,3.0,1902.0,0
3332,2024-02-08,Bellevue,"$399,000",,1.5,1350,14120.0,1.0,3.0,1935.0,0
2402,2024-06-07,Seattle,"$569,000",,2.5,2330,20680.0,1.5,4.0,1982.0,0
3507,2024-01-15,Renton,"$440,000",3.0,2.5,2250,2720.0,1.5,3.0,1923.0,0
1126,2024-05-29,Bellevue,"$396,000",2.0,1.5,1500,5560.0,2.0,3.0,1952.0,0
2912,2024-02-22,Seattle,"$522,000",3.0,2.0,1870,3990.0,2.0,4.0,2020.0,0
3160,2024-05-04,Seattle,"$291,000",2.0,1.5,1190,5640.0,1.5,4.0,1905.0,0
2410,2024-03-17,Kirkland,"$470,000",3.0,3.0,1850,9220.0,1.0,3.0,1955.0,0
2581,2024-03-29,Renton,"$326,000",2.0,1.5,1460,7610.0,2.0,,1967.0,0
3231,2024-01-12,SEATTLE,"$462,000",3.0,3.0,2020,,2.0,3.0,1904.0,0
2560,2024-03-19,Renton,"$255,000",1.0,1.0,1470,10170.0,1.5,3.0,1957.0,0
2963,2024-02-11,Redmond,"$483,000",2.0,2.0,1840,3430.0,2.0,2.0,1976.0,0
1315,2024-01-03,Bellevue,"$290,000",1.0,1.0,1190,12960.0,2.0,3.0,1963.0,0
3521,2024-06-28,Seattle,"$300,000",2.0,,1330,4890.0,1.0,4.0,1927.0,0
2980,2024-05-13,Seattle,"$528,000",3.0,3.0,2150,7580.0,1.0,3.0,1960.0,0
1972,2024-06-13,Seattle,"$208,000",1.0,1.0,"1,080 sqft",18860.0,2.5,3.0,1961.0,0
2226,2024-05-26,Renton,"$510,000",4.0,3.0,2750,7710.0,1.0,4.0,1933.0,0
3800,2024-06-20,Kirkland,"$815,000",5.0,3.0,3070,31040.0,2.0,2.0,2014.0,0
1514,2024-06-06,Seattle,"$403,000",3.0,2.0,1640,,2.0,4.0,1913.0,0
3957,2024-01-30,SEATTLE,"$431,000",2.0,3.0,1750,9160.0,2.0,2.0,2010.0,0
3057,2024-04-26,Renton,"$451,000",3.0,2.0,2540,5590.0,1.0,5.0,1907.0,0
2446,2024-01-04,,"$378,000",1.0,1.5,1610,4940.0,1.5,4.0,1997.0,0
3815,2024-05-27,Seattle,"$374,000",2.0,1.0,1120,3970.0,2.0,1.0,1955.0,1
1427,2024-03-15,Seattle,"$449,000",2.0,1.5,2010,5960.0,1.0,5.0,1914.0,0
2197,2024-05-15,Seattle,"$262,000",2.0,2.5,1350,7260.0,1.0,3.0,1937.0,0
1457,2024-03-24,Renton,"$429,000",3.0,2.5,1590,4800.0,1.0,4.0,2019.0,0
2937,2024-03-26,Bellevue,"$579,000",3.0,1.5,1970,5820.0,1.0,3.0,2007.0,0
1740,2024-06-23,Bellevue,"$764,000",2.0,1.5,2320,,2.0,4.0,2007.0,0
1207,2024-05-02,Seattle,"$913,000",6.0,3.0,3790,2200.0,3.0,5.0,2015.0,0
3583,2024-04-07,Seattle,"$416,000",1.0,1.0,1650,13720.0,2.0,3.0,2050.0,0
2087,2024-05-02,Kirkland,"$481,000",3.0,2.0,1900,7630.0,1.5,,1944.0,0
1846,2024-03-20,Renton,"$397,000",2.0,1.0,1850,11000.0,1.0,4.0,1984.0,0
1986,2024-02-24,Renton,"$565,000",3.0,2.0,2050,6620.0,1.0,4.0,1917.0,1
3191,2024-03-02,Seattle,"$542,000",2.0,1.5,1850,6490.0,2.5,5.0,1989.0,0
2771,2024-02-10,Redmond,"$595,000",3.0,3.0,2090,4070.0,1.0,3.0,1943.0,0
3189,2024-01-29,Seattle,"$211,000",2.0,2.0,1160,10330.0,1.5,3.0,1920.0,0
1376,2024-03-12,Seattle,"$371,000",3.0,2.0,1340,,1.5,4.0,2013.0,0
1841,2024-04-26,Seattle,"$540,000",3.0,2.5,2300,17720.0,1.0,4.0,1935.0,0
2430,2024-03-26, Bellevue,"$500,000",2.0,1.5,1670,8080.0,2.5,3.0,1903.0,0
1326,2024-01-29,Redmond ,"$355,000",1.0,1.0,1400,22760.0,1.5,4.0,2007.0,0
2915,2024-01-21,Seattle,"$591,000",4.0,3.0,2370,6120.0,2.0,2.0,1957.0,0
1417,2024-03-12,Seattle,"$373,000",2.0,1.5,1380,3200.0,2.0,4.0,1975.0,0
3526,2024-01-12,Seattle,"$618,000",3.0,2.5,2360,3230.0,1.0,3.0,2018.0,0
3016,2024-03-24,Bellevue,"$550,000",2.0,1.0,1880,,2.0,4.0,1997.0,0
2764,2024-01-27,Seattle,"$573,000",3.0,,2440,7230.0,1.0,2.0,1956.0,0
1706,2024-05-04,Redmond,"$492,000",3.0,1.5,2070,2270.0,1.5,4.0,1978.0,0
3919,2024-04-16,Seattle,"$772,000",4.0,2.5,2770,11880.0,1.5,4.0,1963.0,0
3445,2024-01-31,,$0,2.0,2.0,1700,1500.0,1.5,3.0,1992.0,0
3785,2024-06-09, Seattle,"$481,000",3.0,3.5,1620,1680.0,2.0,5.0,1935.0,0
2083,2024-03-19,Renton,"$345,000",2.0,1.5,1830,5670.0,2.0,3.0,1979.0,0
2468,2024-02-25,Seattle,"$497,000",3.0,1.5,1870,2530.0,1.0,4.0,2015.0,0
3606,2024-04-07,Seattle,"$612,000",4.0,2.5,2320,23210.0,2.0,4.0,1963.0,0
3655,2024-05-11,Bellevue,"$753,000",3.0,2.0,2500,,1.5,3.0,2017.0,0
2958,2024-06-01,,"$556,000",3.0,2.0,2310,6120.0,2.0,4.0,1944.0,0
2958,2024-06-01,,"$556,000",3.0,2.0,2310,6120.0,2.0,4.0,1944.0,0
3384,2024-06-25,Seattle,"$580,000",4.0,1.5,2480,6800.0,1.0,3.0,1983.0,0
1420,2024-03-31,Renton,"$560,000",5.0,3.5,"2,540 sqft",3420.0,1.0,4.0,1966.0,0
2850,2024-05-08,Kirkland,"$437,000",2.0,2.5,1410,6250.0,1.5,4.0,1993.0,0
3797,2024-05-25,Redmond,"$316,000",1.0,2.0,1190,17780.0,1.0,3.0,1987.0,0
3146,2024-04-09,renton,"$497,000",4.0,3.0,2560,2070.0,1.0,3.0,1953.0,0
3004,2024-03-25,Redmond,"$602,000",3.0,2.0,2080,12520.0,2.5,3.0,2020.0,0
1362,2024-06-08,Seattle,"$277,000",1.0,1.0,1550,,3.0,4.0,1989.0,0
2003,2024-05-14,Seattle,"$461,000",3.0,2.5,2040,6660.0,3.0,4.0,1943.0,0
2904,2024-03-07, Seattle,"$205,000",1.0,1.0,940,,2.0,,1932.0,0
2959,2024-06-23,,"$305,000",1.0,1.0,1140,,2.0,4.0,2015.0,0
2721,2024-01-21,Seattle,"$382,000",2.0,1.5,1620,12770.0,2.5,3.0,1931.0,0
1613,2024-03-08,Renton,"$299,000",2.0,2.0,1510,6130.0,1.0,2.0,1937.0,0
2258,2024-06-07,Kirkland,"$639,000",,2.0,2700,,1.5,3.0,1924.0,0
3107,2024-06-02,Kirkland,"$326,000",3.0,2.5,1280,4830.0,1.0,3.0,1978.0,0
2539,2024-04-01,Kirkland,"$474,000",2.0,2.0,1460,5630.0,2.0,5.0,2017.0,0
2421,2024-06-10,Kirkland,"$259,000",2.0,1.5,1140,2620.0,2.5,4.0,1936.0,0
1394,2024-01-05,Redmond,"$631,000",3.0,2.5,2330,9140.0,1.0,3.0,1985.0,0
2124,2024-06-01,Seattle,"$675,000",5.0,3.0,2570,8390.0,1.0,5.0,1993.0,0
3097,2024-02-06,Seattle,"$167,000",1.0,2.0,980,8190.0,1.5,2.0,1974.0,0
3308,2024-06-03,Bellevue,"$88,500,000",3.0,2.0,"2,560 sqft",,2.0,3.0,2023.0,0
1387,2024-01-24,,"$683,000",4.0,1.5,2490,15050.0,1.5,4.0,1986.0,0
3060,2024-06-14,Seattle,"$408,000",4.0,2.0,1560,5820.0,1.0,4.0,1951.0,0
3072,2024-06-24,Bellevue,"$678,000",3.0,2.5,"2,060 sqft",7300.0,2.0,4.0,2011.0,0
3056,2024-01-29,Bellevue,"$434,000",,2.0,1600,,1.0,3.0,1966.0,0
1878,2024-06-26,Seattle,"$499,000",3.0,2.0,2090,6070.0,1.0,3.0,1959.0,0
1708,2024-04-23,Kirkland,"$274,000",2.0,1.5,1100,6260.0,1.0,4.0,2002.0,0
2052,2024-06-16,Seattle,"$337,000",1.0,1.5,1430,7590.0,1.0,2.0,2016.0,0
1667,2024-06-19,Kirkland,"$814,000",5.0,2.5,3100,42370.0,2.0,2.0,1945.0,0
2123,2024-01-05,Kirkland,"$501,000",2.0,1.5,2170,5000.0,1.0,3.0,1961.0,0
1639,2024-01-18,Kirkland,"$644,000",4.0,2.0,2500,9420.0,1.0,3.0,1987.0,0
1774,2024-01-02,kirkland,"$530,000",2.0,2.0,1790,25350.0,1.0,3.0,2001.0,0
2767,2024-02-01,Renton,"$409,000",3.0,3.0,1910,4110.0,1.0,3.0,2021.0,0
3952,2024-01-16,Kirkland,"$662,000",4.0,3.5,2500,2440.0,1.5,5.0,1900.0,0
3748,2024-03-23,Seattle,"$381,000",2.0,2.0,1580,3870.0,1.0,4.0,1984.0,0
3888,2024-02-04,,"$268,000",3.0,2.0,1660,3000.0,1.0,3.0,1926.0,0
3659,2024-04-19,seattle,"$739,000",2.0,2.0,2020,12110.0,1.5,4.0,2019.0,1
3514,2024-01-23,SEATTLE,"$255,000",3.0,2.5,1080,4450.0,1.0,4.0,1953.0,0
2814,2024-04-17,Seattle,"$566,000",4.0,2.5,2470,15440.0,2.0,,1923.0,0
1111,2024-05-30,Bellevue,"$513,000",,1.0,1600,9130.0,1.5,3.0,2009.0,0
1071,2024-05-09,Seattle,"$241,000",0.0,1.0,1110,3190.0,3.0,4.0,1966.0,0
3744,2024-04-20,Kirkland,"$253,000",1.0,1.0,1070,9230.0,1.5,3.0,1953.0,0
2947,2024-05-16,Seattle,"$276,000",2.0,1.0,1290,17150.0,3.0,3.0,1925.0,0
1260,2024-04-03,Redmond,"$551,000",2.0,,1960,,2.0,4.0,2003.0,0
2263,2024-06-13,Seattle,"$553,000",3.0,2.5,1420,3510.0,2.5,5.0,2014.0,1
3762,2024-06-25,Renton,"$461,000",4.0,2.5,2390,,1.5,3.0,1957.0,0
3157,2024-02-16,Seattle,"$941,000",5.0,3.5,3870,22600.0,3.0,4.0,1965.0,0
2823,2024-01-13,Bellevue,"$401,000",2.0,1.5,1540,1500.0,1.0,2.0,1920.0,0
1035,2024-01-18,Bellevue,"$426,000",2.0,1.5,1500,10730.0,1.0,3.0,1938.0,0
1922,2024-05-11,Kirkland,"$477,000",3.0,2.5,1960,9340.0,2.0,3.0,1944.0,0
2903,2024-04-05,Kirkland,"$397,000",1.0,1.0,1470,5820.0,2.0,3.0,1953.0,0
3890,2024-06-24,Seattle,"$491,000",3.0,1.5,2000,,1.5,3.0,2003.0,0
2354,2024-03-25,Seattle,"$410,000",2.0,2.5,1480,7720.0,1.5,3.0,2020.0,0
3281,2024-03-13,Bellevue,"$513,000",2.0,1.5,1630,10010.0,2.0,3.0,2023.0,0
3756,2024-04-05,Kirkland,"$607,000",3.0,3.0,2350,14750.0,1.0,3.0,1917.0,0
2865,2024-03-19,Redmond,"$691,000",3.0,2.0,2560,,2.0,4.0,1906.0,0
1730,2024-01-18,Bellevue,"$468,000",1.0,1.0,1640,6220.0,2.0,4.0,1944.0,0
1031,2024-03-17,Kirkland ,"$388,000",2.0,1.0,1470,5940.0,2.0,3.0,1958.0,0
1743,2024-06-14,Renton,"$755,000",5.0,3.0,3790,5180.0,2.5,3.0,1999.0,0
1319,2024-06-21, Seattle,"$449,000",3.0,2.0,1870,4340.0,1.0,3.0,1916.0,0
2828,2024-02-24,Bellevue,"$557,000",3.0,2.5,2020,8570.0,1.0,3.0,1942.0,0
1119,2024-06-03,Bellevue,"$420,000",2.0,1.5,1370,7820.0,1.5,4.0,1944.0,0
3468,2024-04-07,Redmond,"$502,000",2.0,,1700,17690.0,1.0,5.0,2021.0,0
1695,2024-04-05,Renton,"$274,000",2.0,2.0,1370,16330.0,2.0,1.0,2008.0,0
2488,2024-05-04,Bellevue,"$918,000",4.0,3.0,2850,7320.0,2.0,2.0,2015.0,0
1803,2024-01-09,Renton,"$391,000",3.0,1.5,1630,2870.0,2.0,4.0,1987.0,0
2698,2024-05-02,KIRKLAND,"$343,000",2.0,2.0,1030,4710.0,3.0,3.0,1940.0,0
2011,2024-05-03,Redmond,"$697,000",4.0,2.5,2430,6460.0,2.0,3.0,2003.0,0
2268,2024-01-18,Renton,"$261,000",3.0,1.5,1430,2900.0,1.0,3.0,1968.0,0
1297,2024-04-07,Renton,"$208,000",2.0,1.5,1140,4670.0,2.0,3.0,2015.0,0
1281,2024-01-16,SEATTLE,"$387,000",2.0,2.5,1330,7870.0,1.0,2.0,1977.0,0
3621,2024-03-31,Renton,"$265,000",3.0,2.5,1520,8260.0,1.0,3.0,1905.0,0
2597,2024-02-22,Seattle,"$824,000",6.0,3.5,3140,5380.0,1.5,5.0,2023.0,0
3305,2024-05-07,Bellevue,"$569,000",3.0,2.0,2140,6020.0,1.0,4.0,1938.0,0
1430,2024-06-18,Kirkland,"$561,000",3.0,4.0,2050,1710.0,2.0,1.0,2010.0,0
2687,2024-03-26,Bellevue,"$673,000",4.0,3.0,2340,15110.0,2.0,4.0,1929.0,0
3698,2024-03-05,Seattle,"$214,000",1.0,1.0,950,20990.0,1.0,4.0,2002.0,0
3883,2024-01-06,Bellevue,"$488,000",2.0,,1640,5320.0,1.5,3.0,1996.0,0
3373,2024-02-27,Seattle,"$872,000",5.0,3.5,3570,4060.0,2.0,3.0,1986.0,0
3140,2024-04-13,Kirkland,"$966,000",4.0,2.5,3710,5160.0,1.5,3.0,1979.0,0
1080,2024-03-26,Kirkland,"$346,000",3.0,2.0,1640,6460.0,2.0,3.0,1961.0,0
3440,2024-06-12,Kirkland,"$531,000",3.0,1.5,1860,8910.0,2.0,5.0,1974.0,0
2538,2024-03-04,Kirkland,"$631,000",3.0,2.5,2110,7910.0,2.0,3.0,1989.0,0
1677,2024-02-01,Renton,"$360,000",2.0,1.5,1880,8130.0,2.0,2.0,1957.0,0
2105,2024-06-15,Seattle,"$463,000",2.0,1.5,1890,4490.0,1.0,,1907.0,0
3874,2024-05-09,Seattle,"$319,000",1.0,1.0,1360,3590.0,2.0,4.0,2014.0,0
2612,2024-04-08,Kirkland,"$622,000",2.0,1.5,2320,8710.0,1.0,5.0,1990.0,0
1890,2024-01-05,Redmond,"$552,000",4.0,2.5,1860,11970.0,2.0,3.0,2017.0,0
3438,2024-03-30,Redmond,"$691,000",4.0,2.5,2470,2940.0,2.0,3.0,1994.0,0
2601,2024-01-13,Renton,"$298,000",3.0,1.0,1120,35450.0,1.5,4.0,2017.0,0
1671,2024-04-15,Seattle ,"$722,000",5.0,3.5,3170,11840.0,1.5,3.0,1900.0,0
3602,2024-01-26,Redmond,"$589,000",3.0,2.0,"2,150 sqft",15220.0,2.0,4.0,1925.0,0
1204,2024-03-31,Seattle,"$758,000",3.0,2.0,2960,,1.0,5.0,2020.0,0
1548,2024-02-01,Seattle,"$520,000",2.0,1.5,1600,9550.0,1.5,4.0,1910.0,1
2603,2024-04-15,Redmond,"$580,000",3.0,3.0,2160,13380.0,1.5,5.0,1928.0,0
1705,2024-02-06,Seattle,"$772,000",4.0,2.5,3030,6410.0,1.0,2.0,1943.0,0
1357,2024-01-19,Kirkland,"$313,000",1.0,1.0,1330,22220.0,2.5,3.0,1928.0,0
1187,2024-02-03,Bellevue,"$348,000",1.0,1.0,1230,8710.0,2.0,1.0,1981.0,0
2006,2024-05-12,Bellevue,"$595,000",3.0,2.0,1950,12400.0,2.0,4.0,1967.0,0
1975,2024-04-02,Seattle,"$221,000",2.0,2.5,1320,11330.0,3.0,3.0,1968.0,0
2069,2024-01-05,Seattle,"$647,000",3.0,2.5,2600,7900.0,2.0,3.0,2019.0,0
3765,2024-04-08,Seattle,"$367,000",2.0,1.5,1650,7590.0,2.0,5.0,,0
2950,2024-01-12,Renton,"$353,000",2.0,2.0,1530,6110.0,1.5,3.0,1994.0,0
1421,2024-03-04,Redmond,"$360,000",2.0,2.0,1430,8820.0,1.0,4.0,2022.0,0
1451,2024-06-03,Seattle,"$380,000",1.0,1.0,1500,5340.0,1.0,3.0,2004.0,0
2413,2024-05-22,Kirkland,"$764,000",2.0,1.5,2150,7340.0,2.0,5.0,1962.0,1
3087,2024-05-07,Bellevue,"$862,000",3.0,3.0,2590,7340.0,2.0,3.0,1944.0,0
2682,2024-01-17,Kirkland,"$460,000",1.0,,1570,3790.0,1.5,4.0,1999.0,0
1428,2024-02-22,Kirkland,"$582,000",3.0,2.0,1860,8190.0,2.0,5.0,2009.0,0
3610,2024-03-05,Bellevue,"$642,000",3.0,3.0,2350,,1.5,3.0,1979.0,0
1173,2024-01-28,Seattle,"$458,000",3.0,2.5,1930,10230.0,1.0,4.0,1954.0,0
3983,2024-05-01,Seattle,"$525,000",3.0,2.5,2120,5080.0,1.0,3.0,,0
1963,2024-01-16,Seattle,"$299,000",1.0,2.0,1090,6920.0,2.0,3.0,1980.0,0
2101,2024-05-20,Seattle,"$633,000",,3.5,2340,12850.0,1.0,4.0,1939.0,0
2675,2024-01-23,Kirkland,"$808,000",3.0,3.0,2990,,2.0,3.0,1904.0,0
1796,2024-06-01,Seattle,"$455,000",4.0,2.5,2100,7260.0,1.5,3.0,,0
3283,2024-06-14,Seattle,"$370,000",2.0,1.0,1480,6380.0,2.0,2.0,2010.0,0
3884,2024-02-16,Seattle,"$514,000",3.0,2.0,2090,9370.0,2.0,4.0,1970.0,0
1445,2024-02-19,Seattle,"$382,000",3.0,2.0,1720,11310.0,1.0,3.0,1932.0,0
1965,2024-01-11,Renton,"$701,000",4.0,3.0,3560,5750.0,3.0,2.0,2022.0,0
2510,2024-02-15,Kirkland,"$478,000",3.0,1.5,1880,7430.0,2.0,3.0,1942.0,0
1191,2024-05-08,Renton,"$676,000",3.0,2.5,2300,10070.0,2.0,2.0,2015.0,1
2225,2024-03-01,Seattle,$0,5.0,3.5,3040,,2.0,3.0,1914.0,0
1416,2024-02-03,Seattle,"$595,000",4.0,3.0,2300,5620.0,1.0,4.0,1932.0,0
3718,2024-05-25, Renton,"$393,000",3.0,1.5,2180,9980.0,2.0,4.0,1906.0,0
1620,2024-01-31,Seattle,"$644,000",4.0,4.5,2730,10080.0,2.0,3.0,1935.0,0
1855,2024-06-01,Seattle,"$485,000",2.0,2.0,1930,7000.0,1.0,3.0,1951.0,0
3442,2024-01-16,Seattle,"$469,000",3.0,2.0,1950,9670.0,2.0,3.0,1989.0,0
1597,2024-05-13,Kirkland,"$539,000",1.0,1.0,1830,13840.0,2.0,3.0,1971.0,1
1003,2024-06-17,Renton,"$156,000",0.0,1.5,730,2560.0,2.0,3.0,1921.0,0
2326,2024-01-25,Renton,"$807,000",6.0,4.5,3230,16030.0,1.0,5.0,1953.0,1
1306,2024-04-18, Bellevue,"$773,000",3.0,2.0,2610,7750.0,1.5,4.0,1986.0,0
3567,2024-06-18,Seattle,"$331,000",3.0,2.5,1450,31230.0,1.0,3.0,1924.0,0
3812,2024-03-28,Renton,"$493,000",3.0,1.5,2280,21560.0,1.0,3.0,2020.0,0
3348,2024-06-06,Kirkland,"$326,000",2.0,1.5,1110,20870.0,2.0,4.0,1961.0,0
3761,2024-05-02,Redmond,"$1,009,000",4.0,4.0,3140,22680.0,1.0,1.0,1957.0,1
3930,2024-04-03,Redmond,"$415,000",2.0,2.0,1320,7470.0,2.0,3.0,1936.0,0
2779,2024-03-24,Seattle,"$367,000",3.0,2.0,1560,4780.0,2.0,5.0,1908.0,0
3306,2024-03-06,Seattle,"$290,000",2.0,1.0,1470,,1.5,4.0,1901.0,0
1431,2024-05-27,Renton,"$251,000",2.0,1.5,1370,10810.0,1.0,3.0,2003.0,0
1585,2024-02-28, Renton,"$262,000",2.0,2.0,1860,10150.0,1.0,2.0,1964.0,0
3954,2024-03-13,Renton,"$457,000",3.0,2.5,2160,5080.0,2.0,3.0,2020.0,0
2532,2024-01-01, Seattle,"$707,000",4.0,4.0,2680,7180.0,1.5,3.0,1914.0,0
2590,2024-04-02,Seattle,"$444,000",3.0,2.5,1810,7230.0,2.0,4.0,2004.0,0
3223,2024-01-19,Bellevue,"$474,000",1.0,1.0,1400,23740.0,1.5,3.0,2018.0,0
3674,2024-06-10,Bellevue,"$543,000",4.0,2.5,1760,8500.0,1.0,4.0,1955.0,0
2546,2024-03-24,Bellevue,"$712,000",2.0,1.5,2480,4460.0,1.5,4.0,2023.0,0
2145,2024-06-13,Bellevue,"$532,000",2.0,2.5,1610,6150.0,2.0,4.0,2017.0,0
1761,2024-03-31,Kirkland,"$556,000",2.0,3.0,1200,3400.0,1.0,3.0,2016.0,1
3857,2024-05-22,Redmond,"$724,000",4.0,2.5,3080,19050.0,3.0,3.0,1959.0,0
3130,2024-01-10,Seattle,"$375,000",3.0,,1350,15960.0,2.0,3.0,1914.0,0
1475,2024-05-17,Seattle,"$880,000",5.0,2.5,3410,8290.0,1.0,3.0,1991.0,0
2435,2024-01-16,Seattle,"$338,000",3.0,2.0,1790,7770.0,2.0,3.0,1912.0,0
2284,2024-03-05,Redmond,"$783,000",3.0,2.5,2900,13860.0,1.5,3.0,1967.0,0
1985,2024-03-26,Seattle,"$322,000",2.0,2.0,1510,14770.0,1.0,2.0,1920.0,0
3278,2024-06-20,Seattle,"$660,000",3.0,2.5,2170,8180.0,1.0,3.0,1955.0,0
1279,2024-03-13,Renton,"$380,000",4.0,2.5,1860,5030.0,2.0,3.0,1921.0,0
1152,2024-06-10,Renton,"$302,000",2.0,1.5,1610,5550.0,1.0,3.0,1976.0,0
3404,2024-04-27,Renton,"$536,000",4.0,,2510,8710.0,2.0,,2000.0,0
2378,2024-06-29,Renton,"$423,000",2.0,1.5,2130,10490.0,2.0,3.0,2020.0,0
2516,2024-03-29,Seattle,"$797,000",5.0,4.0,3100,8550.0,3.0,3.0,1922.0,0
2084,2024-06-07,Kirkland,"$870,000",6.0,4.0,3220,7510.0,1.5,3.0,1915.0,0
3935,2024-03-16,Redmond,"$821,000",5.0,3.5,3020,21380.0,1.5,2.0,,0
2749,2024-06-01,Bellevue,"$621,000",3.0,3.5,1970,11430.0,1.5,4.0,1934.0,0
2431,2024-04-08,Renton,"$291,000",3.0,2.5,1540,8140.0,2.0,4.0,1946.0,0
3458,2024-02-25,Seattle,"$804,000",5.0,3.5,3330,5980.0,1.5,5.0,1999.0,0
1700,2024-01-28,Seattle,"$284,000",2.0,2.0,1510,4310.0,3.0,4.0,1934.0,0
1373,2024-04-28,Bellevue,"$645,000",,3.5,"2,280 sqft",20260.0,2.0,4.0,,0
3297,2024-03-10,Kirkland,"$453,000",3.0,1.5,1700,5640.0,1.0,1.0,2019.0,0
2160,2024-06-30,Kirkland,"$452,000",3.0,2.5,1450,13730.0,2.0,5.0,1925.0,0
1143,2024-03-13,Renton,"$301,000",1.0,1.0,1410,28740.0,2.5,3.0,1905.0,0
1856,2024-05-02,Bellevue,"$965,000",4.0,3.5,3550,8070.0,1.0,4.0,1912.0,0
2443,2024-01-19,Seattle ,"$225,000",1.0,1.5,880,,2.0,3.0,1994.0,0
1100,2024-05-25,Renton,"$264,000",3.0,3.0,1240,9820.0,2.0,4.0,1903.0,0
2719,2024-06-30,Redmond,"$691,000",3.0,2.5,2690,,1.0,4.0,1923.0,0
3204,2024-05-07,Seattle,"$543,000",2.0,1.0,2200,4190.0,1.0,3.0,1986.0,0
2870,2024-03-11,Kirkland,"$531,000",,2.0,1890,9920.0,1.0,5.0,1955.0,0
2878,2024-03-28,Seattle ,"$575,000",3.0,2.5,1950,5480.0,1.0,5.0,2000.0,0
3825,2024-01-24,Renton,"$406,000",3.0,1.5,1780,7860.0,2.0,4.0,1985.0,0
3054,2024-02-10,Kirkland,"$689,000",3.0,3.0,2180,6340.0,2.0,,,0
1849,2024-05-23,Seattle,"$290,000",1.0,1.0,990,7670.0,1.5,5.0,2018.0,0
1736,2024-06-02,Redmond,"$182,000",1.0,1.5,"1,040 sqft",6640.0,1.5,3.0,1917.0,0
2189,2024-02-05,Seattle,"$637,000",4.0,2.5,2460,9400.0,1.0,5.0,1945.0,0
2298,2024-02-01,Seattle,"$733,000",,3.5,2860,8300.0,1.0,3.0,1913.0,0
3863,2024-02-18,Seattle,"$529,000",,3.5,2180,5030.0,2.0,4.0,1922.0,0
3395,2024-05-01,Redmond,"$323,000",2.0,1.5,1430,4810.0,2.0,5.0,,0
1644,2024-04-03,Seattle,"$599,000",3.0,2.5,2140,,2.0,4.0,2005.0,0
1341,2024-06-26,Seattle,"$397,000",5.0,3.5,1670,15740.0,1.5,,1968.0,0
3615,2024-03-19,Seattle,"$712,000",5.0,4.0,2690,8300.0,1.0,3.0,2005.0,0
2062,2024-03-20,Redmond,Not disclosed,4.0,2.5,2350,10650.0,1.5,5.0,1970.0,0
3590,2024-02-06,Bellevue,"$517,000",2.0,2.0,1430,6660.0,2.5,4.0,1996.0,0
1515,2024-04-14,Seattle,"$637,000",4.0,2.5,2680,8060.0,2.0,3.0,1994.0,0
3787,2024-06-24,Redmond,"$588,000",3.0,2.5,2240,10250.0,1.0,3.0,,0
1037,2024-02-28,Seattle,"$464,000",4.0,2.5,1880,8070.0,1.5,3.0,1907.0,0
3349,2024-01-24,Seattle,"$550,000",3.0,2.0,2170,10880.0,1.0,3.0,2020.0,0
1540,2024-03-02,Kirkland,"$688,000",4.0,3.0,2790,7430.0,1.0,3.0,1934.0,0
1853,2024-06-17,Renton,"$260,000",1.0,1.0,1240,3140.0,2.5,3.0,2017.0,0
1685,2024-05-01,Redmond,"$385,000",2.0,2.0,1490,4830.0,1.0,3.0,2001.0,0
2078,2024-06-10,Bellevue,"$655,000",2.0,2.0,2160,8260.0,1.0,4.0,1991.0,0
3831,2024-01-03,,"$859,000",5.0,3.0,3730,11230.0,1.0,3.0,1976.0,0
1768,2024-03-30, Seattle,"$476,000",2.0,1.5,1870,13550.0,1.0,5.0,1958.0,0
3512,2024-06-24,Bellevue,"$975,000",5.0,3.0,2850,9900.0,1.0,5.0,1960.0,0
2211,2024-02-16, Kirkland,"$415,000",3.0,2.0,1660,6170.0,2.0,1.0,1903.0,0
3222,2024-03-31,Bellevue,"$700,000",4.0,2.0,2400,6340.0,2.0,1.0,2007.0,0
1859,2024-02-27,Bellevue,"$1,020,000",4.0,3.5,3270,4570.0,1.0,4.0,2004.0,0
2882,2024-05-08,Redmond,"$473,000",2.0,3.0,2020,14330.0,3.0,3.0,,0
2348,2024-04-20,Bellevue,"$1,002,000",4.0,2.5,3110,5290.0,1.5,5.0,1928.0,0
2683,2024-03-16,Kirkland,"$943,000",4.0,,3400,11950.0,2.0,3.0,2006.0,0
3652,2024-03-14,Bellevue,"$431,000",2.0,2.0,1570,9160.0,2.5,3.0,2000.0,0
3037,2024-03-30,Renton,"$457,000",4.0,4.0,2140,1580.0,1.0,5.0,1944.0,0
3315,2024-01-03,Bellevue,"$700,000",3.0,1.5,2750,9470.0,1.0,3.0,,0
2550,2024-02-14,Seattle,"$521,000",3.0,2.0,2210,8890.0,1.0,3.0,1989.0,0
3310,2024-05-16,Renton,"$477,000",4.0,3.0,2500,6490.0,2.0,3.0,1979.0,0
2091,2024-03-09,Seattle,"$350,000",2.0,1.5,1110,28930.0,1.5,3.0,1998.0,0
2816,2024-01-16,Bellevue,"$346,000",1.0,1.0,1320,7260.0,1.0,3.0,1997.0,0
3798,2024-01-06,Bellevue,"$263,000",2.0,1.5,890,9170.0,1.0,3.0,1991.0,0
3153,2024-02-27,Kirkland,"$831,000",4.0,3.5,3000,6130.0,2.0,4.0,1997.0,0
1072,2024-04-08,Bellevue,"$552,000",1.0,1.5,1730,8180.0,1.0,3.0,1924.0,0
1825,2024-02-05,Kirkland,"$365,000",1.0,2.0,1220,3700.0,1.0,3.0,1915.0,0
3622,2024-01-05,Renton,"$376,000",4.0,2.5,1790,27810.0,2.5,3.0,1958.0,0
1898,2024-01-03,Seattle,"$352,000",2.0,1.5,1350,2390.0,2.0,4.0,1981.0,0
1749,2024-06-02,Kirkland ,"$589,000",2.0,1.5,2310,5860.0,1.5,1.0,1984.0,0
3860,2024-02-04,Bellevue,"$477,000",3.0,2.0,1630,15440.0,1.0,3.0,1971.0,0
1758,2024-01-22,Renton,"$425,000",3.0,2.5,2440,7440.0,1.0,5.0,,0
2423,2024-02-29,Bellevue,"$379,000",1.0,1.0,1460,4120.0,2.0,2.0,1975.0,0
1179,2024-05-08,Renton,"$628,000",4.0,3.5,2910,3620.0,1.0,4.0,1964.0,0
1934,2024-02-08,Kirkland,"$581,000",3.0,1.5,2200,22970.0,3.0,4.0,1951.0,0
3813,2024-04-25,Redmond,"$599,000",2.0,2.0,2580,10210.0,1.0,3.0,1928.0,0
2545,2024-03-18,Bellevue,"$404,000",2.0,2.5,1590,4630.0,2.0,4.0,1979.0,0
3124,2024-02-09,Seattle,"$448,000",2.0,2.0,1730,19590.0,1.0,2.0,1908.0,0
2353,2024-04-19,Seattle,"$839,000",5.0,3.5,3440,11100.0,2.0,3.0,1963.0,0
1702,2024-06-19,Seattle,"$414,000",3.0,2.5,1790,9240.0,1.0,3.0,1915.0,0
2785,2024-06-13,Seattle,"$434,000",3.0,2.5,1680,10630.0,1.0,4.0,1937.0,0
3466,2024-01-17,Kirkland,"$279,000",1.0,1.0,1030,4110.0,1.5,3.0,1995.0,0
1088,2024-05-01,Bellevue,"$403,000",2.0,2.0,1240,,2.0,5.0,1927.0,0
1675,2024-05-26,Redmond,"$905,000",5.0,4.0,3180,3270.0,1.0,3.0,2008.0,0
2789,2024-06-25, Renton,"$307,000",2.0,2.5,1380,8340.0,2.0,3.0,1976.0,0
3549,2024-02-27,Seattle,"$349,000",2.0,1.0,1580,5140.0,2.0,4.0,1936.0,0
3366,2024-03-07,Redmond,"$625,000",3.0,1.5,2360,6770.0,1.5,1.0,1990.0,0
2853,2024-03-05,Bellevue,"$215,000",3.0,1.0,1100,6020.0,3.0,3.0,1903.0,0
2171,2024-01-26,Bellevue,"$1,082,000",6.0,3.0,3630,7460.0,2.0,4.0,2000.0,0
1891,2024-03-12,Seattle,"$530,000",3.0,2.5,1770,3200.0,2.0,3.0,2017.0,0
1503,2024-04-28,Renton ,"$484,000",3.0,2.0,2290,4880.0,1.0,,1912.0,0
2219,2024-03-28,Redmond,"$830,000",5.0,4.0,3160,18930.0,1.5,4.0,1986.0,0
3079,2024-01-22,Seattle,"$303,000",1.0,1.5,1220,7420.0,1.0,3.0,1922.0,0
2544,2024-01-19,Seattle,"$485,000",2.0,1.0,2080,5990.0,1.5,4.0,1975.0,0
2692,2024-04-02,Renton,"$726,000",5.0,3.0,3620,12210.0,2.0,4.0,2004.0,0
2436,2024-03-23,Renton,"$538,000",4.0,3.5,1810,16830.0,2.0,4.0,2018.0,0
2685,2024-02-22,Seattle,"$317,000",2.0,1.0,1340,5430.0,1.5,3.0,1945.0,0
2470,2024-05-27,Seattle,"$404,000",1.0,1.0,1500,9470.0,2.0,3.0,1948.0,0
3022,2024-03-18,Seattle,"$678,000",4.0,2.5,2820,10810.0,1.5,4.0,2003.0,0
2228,2024-02-13,Bellevue,"$408,000",2.0,1.0,1190,4800.0,2.0,4.0,2019.0,0
2513,2024-06-16,Redmond,"$448,000",3.0,2.5,1300,12700.0,2.5,4.0,1977.0,0
3029,2024-04-05, Bellevue,"$679,000",2.0,1.5,2370,9960.0,1.0,3.0,1902.0,0
2294,2024-04-22,Seattle,"$503,000",2.0,1.5,2180,2430.0,2.0,3.0,2016.0,0
2494,2024-01-29,Kirkland,"$595,000",3.0,2.0,2020,5670.0,1.5,3.0,1956.0,0
1533,2024-04-05,Bellevue,"$1,107,000",5.0,4.5,3910,6930.0,2.5,2.0,1914.0,0
1455,2024-01-30,Seattle,"$429,000",1.0,1.0,1600,9310.0,1.0,3.0,2011.0,0
1227,2024-01-29,Seattle,"$366,000",3.0,3.0,1490,11640.0,1.0,2.0,1944.0,0
2142,2024-05-14,Kirkland,"$366,000",3.0,1.5,1240,5140.0,1.0,3.0,1985.0,0
3462,2024-01-31,Redmond,"$565,000",,2.5,2100,,2.0,3.0,1986.0,0
1401,2024-01-24,Seattle,"$382,000",,1.0,1650,10180.0,2.0,3.0,1962.0,0
1833,2024-04-10,Bellevue,"$835,000",4.0,2.5,2860,8950.0,1.0,2.0,1991.0,0
1653,2024-04-30,Redmond,"$1,040,000",5.0,3.5,3870,30210.0,1.0,4.0,1959.0,0
3235,2024-03-21,Kirkland,"$255,000",1.0,1.0,1290,5990.0,2.5,2.0,1906.0,0
2224,2024-05-01,Redmond,"$619,000",3.0,3.0,2160,14190.0,1.0,4.0,1966.0,0
2873,2024-06-08,Renton,"$238,000",2.0,1.0,1190,6230.0,2.0,,1980.0,0
3092,2024-05-13,Renton,"$388,000",2.0,2.0,1640,13330.0,2.0,5.0,1968.0,0
3760,2024-01-19,Bellevue,"$473,000",2.0,2.5,1730,12130.0,2.0,4.0,2008.0,0
2645,2024-01-16,Seattle ,"$317,000",1.0,1.5,810,,2.0,4.0,1957.0,0
2167,2024-03-17,Kirkland,"$519,000",3.0,2.0,1760,7160.0,1.0,3.0,2007.0,0
3330,2024-04-28,Bellevue,"$624,000",3.0,2.5,2260,6040.0,2.0,4.0,1911.0,0
1441,2024-03-09,Renton,"$344,000",2.0,2.0,1550,5030.0,1.5,3.0,2010.0,0
2759,2024-02-15,Renton,"$518,000",3.0,2.0,2110,5600.0,2.0,3.0,1925.0,0
2375,2024-06-22, Renton,"$713,000",4.0,,3950,6410.0,1.0,3.0,1948.0,0
1339,2024-04-26,Seattle,"$476,000",1.0,1.0,1700,16380.0,2.0,4.0,1936.0,0
1027,2024-04-30,Bellevue,"$1,055,000",6.0,3.5,3760,8050.0,1.0,3.0,1921.0,0
1652,2024-05-15,Renton,"$359,000",3.0,2.5,2120,9650.0,2.0,1.0,1916.0,0
2804,2024-01-24,Redmond,"$294,000",3.0,2.5,1450,3470.0,2.0,1.0,,0
1025,2024-03-16,KIRKLAND,"$564,000",3.0,3.0,1980,5550.0,2.0,2.0,1996.0,0
3687,2024-01-19,Seattle,"$527,000",3.0,2.5,2240,6510.0,2.0,3.0,2019.0,0
3249,2024-06-17,Bellevue,"$587,000",2.0,1.5,1850,3860.0,1.0,3.0,1901.0,1
2385,2024-04-14,Renton,"$311,000",2.0,1.5,1570,6920.0,1.0,4.0,1990.0,0
1001,2024-01-31,Kirkland,"$723,000",4.0,2.5,"2,750 sqft",5310.0,1.0,4.0,1958.0,0
3377,2024-05-19,Renton,"$446,000",3.0,3.0,2440,7380.0,1.5,3.0,1907.0,0
2096,2024-06-18,Bellevue,"$551,000",2.0,1.5,1790,5740.0,1.0,5.0,1952.0,0
1721,2024-05-03,Bellevue,$0,3.0,2.5,2440,10380.0,2.0,2.0,1985.0,0
1061,2024-02-11,Redmond,"$1,194,000",6.0,5.0,4390,5710.0,2.0,5.0,,0
3858,2024-01-05,Bellevue,"$831,000",3.0,2.0,2820,6380.0,2.0,2.0,2019.0,0
2444,2024-06-24,Seattle,"$192,000",,1.0,1120,11820.0,2.0,4.0,1937.0,0
2733,2024-02-24,Kirkland,"$674,000",4.0,3.0,2590,9310.0,1.0,3.0,1905.0,0
2380,2024-05-03,Bellevue ,"$554,000",3.0,2.0,1930,3620.0,2.0,2.0,1947.0,0
1936,2024-02-14,Seattle,"$528,000",2.0,2.0,2120,7120.0,2.0,4.0,1926.0,0
1752,2024-04-27,Seattle ,"$375,000",2.0,1.5,1320,15960.0,2.0,3.0,2002.0,0
2377,2024-04-10,Redmond,"$247,000",1.0,1.5,830,11960.0,1.0,3.0,1984.0,0
3313,2024-04-09,Bellevue,"$567,000",3.0,1.0,2000,9630.0,2.5,4.0,1986.0,0
1434,2024-06-10,Kirkland,"$549,000",4.0,3.5,1920,3390.0,1.5,2.0,1956.0,0
2293,2024-01-28,Redmond,"$639,000",3.0,2.5,2200,5020.0,2.0,3.0,1990.0,0
3421,2024-02-21,Seattle,"$355,000",1.0,1.5,1420,5430.0,1.0,3.0,1917.0,0
3289,2024-01-17,Seattle,"$251,000",1.0,1.5,950,12410.0,2.5,3.0,2007.0,0
3317,2024-03-27,Seattle,"$334,000",2.0,1.5,1400,2510.0,2.0,4.0,2009.0,0
3944,2024-04-06,Seattle,"$381,000",2.0,1.0,1590,4650.0,1.0,4.0,1976.0,0
3322,2024-02-14,Seattle,"$686,000",3.0,2.5,2500,8410.0,2.0,5.0,2000.0,0
1424,2024-05-26,Seattle,"$384,000",3.0,2.0,1530,8050.0,3.0,4.0,1995.0,0
1242,2024-06-06,Kirkland,"$593,000",5.0,4.5,2490,3900.0,1.0,4.0,1910.0,0
3266,2024-06-29,Seattle,"$363,000",1.0,1.0,1540,10470.0,1.0,2.0,1905.0,0
1799,2024-06-05,Kirkland,"$624,000",3.0,2.5,2430,3010.0,2.0,2.0,1961.0,0
3508,2024-06-25,Renton,"$553,000",2.0,2.0,1900,4270.0,1.5,3.0,2020.0,1
1132,2024-03-09,Renton,"$420,000",4.0,2.5,1720,4180.0,1.5,5.0,1967.0,0
1691,2024-02-25,Seattle,"$702,000",4.0,3.0,2750,2660.0,3.0,3.0,2009.0,0
2288,2024-04-13,Seattle,"$820,000",5.0,4.5,3350,2970.0,1.0,3.0,1998.0,0
3422,2024-03-01,Seattle,"$469,000",2.0,1.0,1900,3860.0,3.0,3.0,1977.0,0
1195,2024-04-20,Seattle,"$441,000",3.0,2.5,2200,7980.0,2.0,3.0,,0
3979,2024-03-07,Kirkland,"$524,000",2.0,1.5,2040,4560.0,2.0,,1914.0,0
2059,2024-03-08,Bellevue,"$349,000",2.0,1.0,1320,18190.0,1.0,2.0,1912.0,0
1820,2024-05-19,Seattle,"$496,000",2.0,2.0,1790,6470.0,2.0,4.0,1959.0,0
1753,2024-03-13,Seattle,"$457,000",2.0,1.0,2090,,2.0,3.0,1927.0,0
3091,2024-02-03,BELLEVUE,"$503,000",2.0,2.5,1320,6940.0,1.0,1.0,1972.0,1
1171,2024-01-04,Seattle,"$714,000",0.0,3.5,2750,8110.0,1.0,5.0,1995.0,0
2152,2024-03-31,Renton,"$561,000",,2.5,2720,2960.0,2.0,5.0,1942.0,0
1834,2024-01-12,Redmond,"$684,000",0.0,3.5,2630,9650.0,2.5,4.0,,0
1633,2024-03-31,Seattle,"$713,000",5.0,3.5,3420,6140.0,2.0,3.0,1904.0,0
3754,2024-01-19,Seattle,"$817,000",4.0,2.5,3250,,2.0,2.0,,0
2777,2024-03-31,Kirkland,"$635,000",3.0,2.5,2310,13490.0,1.5,4.0,1924.0,0
3719,2024-06-04,Seattle,"$282,000",3.0,2.5,1150,4490.0,2.0,3.0,1949.0,0
1220,2024-06-12,Bellevue,"$618,000",2.0,1.0,2200,6790.0,2.0,3.0,1972.0,0
3959,2024-03-19,Seattle,"$801,000",5.0,3.5,3450,7910.0,1.5,3.0,1988.0,0
3722,2024-03-31,Kirkland,"$360,000",1.0,1.0,1570,6510.0,1.0,3.0,1965.0,0
3298,2024-01-21,Seattle,"$646,000",4.0,2.5,2580,5910.0,1.0,5.0,1915.0,0
2158,2024-04-01,Seattle,"$994,000",5.0,3.0,4220,10060.0,1.0,2.0,1943.0,0
2697,2024-05-25,,"$307,000",2.0,2.0,1320,8700.0,1.0,2.0,1980.0,0
2524,2024-02-03,Kirkland,"$472,000",3.0,3.0,1530,5280.0,2.0,4.0,2008.0,0
3945,2024-06-26,Seattle,"$339,000",1.0,1.0,1520,5480.0,1.0,3.0,1904.0,0
2471,2024-03-15,Renton,$0,4.0,2.0,3270,6420.0,2.0,3.0,1928.0,0
2237,2024-05-26,Seattle,"$520,000",4.0,2.5,2270,18840.0,1.0,4.0,1921.0,0
1268,2024-05-30,Seattle,"$369,000",3.0,2.5,1550,7330.0,2.0,4.0,1957.0,0
2725,2024-01-01,BELLEVUE,"$624,000",2.0,2.5,1950,2390.0,2.0,3.0,1930.0,0
2325,2024-04-18,seattle,"$617,000",4.0,4.0,2810,4300.0,1.0,4.0,1915.0,0
2926,2024-02-12,Seattle,"$381,000",2.0,1.0,1580,10600.0,2.0,4.0,1961.0,0
2322,2024-03-24,Bellevue,"$495,000",2.0,2.0,"1,440 sqft",,1.5,5.0,1977.0,0
1528,2024-06-12,Renton,"$448,000",4.0,3.0,1970,5900.0,2.0,3.0,2008.0,0
1692,2024-06-30,Renton,"$358,000",2.0,1.5,1860,20520.0,1.0,3.0,1961.0,0
1583,2024-06-02,Seattle,"$458,000",1.0,1.0,1710,11930.0,3.0,4.0,1974.0,0
2704,2024-03-05,Redmond,"$174,000",2.0,1.0,630,10920.0,1.0,2.0,1929.0,0
3351,2024-03-28,Seattle,"$639,000",4.0,2.5,2610,3510.0,2.0,4.0,1957.0,0
2165,2024-06-13,Seattle,"$609,000",4.0,2.5,2530,3690.0,1.0,3.0,1967.0,0
3018,2024-06-12,Seattle,"$698,000",3.0,2.5,2820,14900.0,1.0,3.0,,0
1737,2024-01-23,Seattle,"$499,000",2.0,2.0,1990,6310.0,1.0,4.0,1914.0,0
2730,2024-05-01,Bellevue,"$747,000",3.0,3.0,2320,22300.0,2.0,,2017.0,0
1714,2024-02-26,Renton,"$581,000",4.0,2.5,3130,9070.0,3.0,3.0,1973.0,0
1673,2024-01-13,Renton,"$493,000",3.0,2.5,2520,8160.0,1.0,3.0,1941.0,0
1254,2024-04-01,Seattle,"$265,000",2.0,2.0,1350,8780.0,3.0,4.0,,0
2359,2024-04-18,Redmond,"$321,000",1.0,1.5,1100,3500.0,2.0,3.0,1931.0,0
3934,2024-01-12,Renton,"$453,000",3.0,3.0,1720,12050.0,1.0,5.0,1931.0,1
1296,2024-01-26, Renton,"$541,000",3.0,1.5,2360,4190.0,1.0,3.0,2050.0,0
3727,2024-02-14,Kirkland,"$496,000",,2.5,2020,16930.0,1.0,2.0,2000.0,0
3643,2024-03-03,Redmond,"$540,000",3.0,2.5,1850,21340.0,1.0,3.0,1920.0,0
2760,2024-02-19,Renton,"$319,000",2.0,2.0,2090,2670.0,1.0,4.0,1906.0,0
1561,2024-04-06,Seattle,"$499,000",3.0,2.5,2070,8570.0,1.5,3.0,1955.0,0
2615,2024-01-17,Kirkland,"$818,000",4.0,3.5,2940,5740.0,1.0,2.0,2019.0,0
1993,2024-06-16,Kirkland,"$617,000",3.0,2.5,2590,5550.0,1.0,3.0,1912.0,0
1527,2024-05-27,Renton,"$469,000",4.0,3.5,2490,,2.5,4.0,1930.0,0
3099,2024-06-11,Seattle,"$674,000",4.0,3.0,"2,530 sqft",5950.0,1.0,3.0,1995.0,0
3415,2024-04-26,Bellevue,"$904,000",5.0,3.5,3140,8860.0,2.0,3.0,1990.0,0
1329,2024-02-03,Redmond,"$407,000",2.0,1.5,1300,7440.0,2.0,5.0,1989.0,0
1271,2024-01-13,Seattle,"$742,000",4.0,4.0,2800,2500.0,3.0,4.0,1911.0,0
2141,2024-06-03, Bellevue,"$958,000",4.0,2.0,3120,15810.0,1.5,3.0,1985.0,0
1302,2024-06-09,Seattle,"$486,000",2.0,2.0,1600,5370.0,1.5,4.0,1989.0,0
1366,2024-01-23,Bellevue,"$504,000",,2.0,1630,7600.0,1.0,4.0,1921.0,0
1632,2024-01-16,Kirkland,"$758,000",5.0,3.0,3080,,2.0,4.0,1918.0,0
3046,2024-04-03,Seattle,"$742,000",5.0,2.5,2820,6820.0,1.5,3.0,1984.0,0
2241,2024-04-02,Renton,"$287,000",2.0,1.5,1460,4470.0,1.0,3.0,,0
1537,2024-04-02,Bellevue,"$802,000",5.0,2.5,2640,11020.0,1.5,3.0,2006.0,0
2386,2024-01-20,Seattle,"$390,000",1.0,,1360,3370.0,2.0,5.0,1964.0,0
2295,2024-01-26,Seattle,"$1,002,000",6.0,3.5,3760,13420.0,1.0,3.0,2002.0,0
2262,2024-03-25,Bellevue,"$818,000",4.0,2.5,2970,4840.0,1.5,3.0,1904.0,0
1192,2024-03-18,Seattle,"$433,000",3.0,2.0,2070,6220.0,1.0,4.0,1969.0,0
2822,2024-03-16,Bellevue,"$1,123,000",5.0,4.5,3550,15080.0,2.0,3.0,1996.0,0
2946,2024-05-11,RENTON,"$486,000",3.0,2.5,2280,,2.0,,1907.0,0
1375,2024-06-09,Seattle,"$647,000",3.0,2.0,2430,8190.0,2.0,5.0,1965.0,0
2352,2024-01-16,Kirkland,"$438,000",1.0,1.5,1650,6950.0,1.0,3.0,1949.0,0
3644,2024-03-30,Renton,"$421,000",2.0,2.0,2190,8900.0,2.0,2.0,,0
1292,2024-05-28,Seattle,"$532,000",3.0,2.0,2080,6810.0,1.0,3.0,1912.0,0
3311,2024-04-07,Renton,"$523,000",5.0,3.5,2530,5910.0,2.5,3.0,1983.0,0
2817,2024-04-27,Kirkland,"$350,000",1.0,1.5,1030,16700.0,2.0,5.0,1995.0,0
2691,2024-06-29,Kirkland,"$720,000",4.0,3.5,2560,12610.0,2.5,3.0,1997.0,0
2079,2024-04-25,Redmond ,"$514,000",3.0,2.0,2080,8780.0,1.5,2.0,1928.0,0
3187,2024-06-02,Kirkland,"$638,000",4.0,3.0,2390,9320.0,2.0,3.0,1990.0,0
2635,2024-06-25,Renton,"$437,000",3.0,3.0,2020,7520.0,2.0,5.0,1964.0,0
3733,2024-01-29,Redmond,"$452,000",1.0,1.0,1840,7560.0,2.0,3.0,1976.0,0
1880,2024-01-06,Redmond,"$528,000",2.0,1.0,1580,5210.0,1.0,4.0,2014.0,0
3255,2024-03-19,Renton,"$440,000",2.0,1.5,1900,5040.0,1.0,5.0,,0
2486,2024-01-30,Seattle,"$590,000",3.0,1.0,2160,31510.0,2.0,4.0,1992.0,0
2163,2024-04-13,kirkland,"$295,000",2.0,1.5,1020,10130.0,1.0,4.0,2013.0,0
3093,2024-03-29,Redmond,"$215,000",2.0,1.5,760,4890.0,2.0,3.0,1972.0,0
3234,2024-02-03, Renton,"$388,000",1.0,1.0,980,12710.0,2.0,2.0,1924.0,1
1180,2024-02-01, Kirkland,"$878,000",5.0,3.5,3350,9610.0,2.0,3.0,1923.0,0
2252,2024-06-29,Seattle,"$585,000",3.0,1.5,1880,7290.0,1.5,5.0,1966.0,1
3225,2024-05-02, Renton,"$434,000",2.0,1.5,2260,6870.0,2.0,3.0,1935.0,0
3020,2024-05-12,Bellevue,"$500,000",3.0,3.0,1850,9640.0,1.5,4.0,1928.0,0
1489,2024-03-26,,$0,3.0,2.0,1830,9540.0,1.0,3.0,1964.0,0
3690,2024-05-25,Bellevue,Not disclosed,,1.5,2400,4310.0,1.0,4.0,1999.0,0
1581,2024-05-11,Bellevue,"$799,000",4.0,3.0,2770,3090.0,2.5,3.0,1943.0,0
1052,2024-05-10,Seattle,"$247,000",1.0,1.5,1200,,1.0,3.0,1911.0,0
3294,2024-06-28,Seattle,"$392,000",3.0,2.5,1930,5800.0,1.5,3.0,1900.0,0
1892,2024-01-04,Renton,"$365,000",3.0,2.0,1690,8640.0,1.0,4.0,1961.0,0
3159,2024-01-18,Bellevue,"$658,000",6.0,4.0,2250,2020.0,2.0,2.0,1929.0,0
1751,2024-03-17,Seattle,"$406,000",2.0,2.5,1620,7450.0,2.0,3.0,1931.0,0
1064,2024-01-19,Kirkland,"$411,000",2.0,1.0,1240,6790.0,1.0,3.0,1961.0,0
1893,2024-04-13,Seattle,"$477,000",3.0,4.0,1740,11740.0,1.0,4.0,2010.0,0
2592,2024-06-06,Seattle,"$738,000",4.0,3.0,2730,5580.0,3.0,3.0,1909.0,1
3581,2024-02-07,Seattle,"$401,000",2.0,2.0,1530,5080.0,2.0,3.0,1989.0,0
4000,2024-04-07,Seattle,"$437,000",2.0,1.5,1750,4490.0,2.0,3.0,1943.0,0
1211,2024-04-17,Redmond,"$490,000",3.0,2.5,2080,11660.0,2.0,4.0,1927.0,0
3359,2024-06-17,Renton,"$295,000",3.0,1.5,1390,3400.0,1.0,5.0,1996.0,0
3085,2024-04-29,Redmond,"$441,000",3.0,2.0,1590,6870.0,1.5,3.0,,0
3183,2024-04-11, Kirkland,"$704,000",3.0,2.5,2330,9330.0,2.0,3.0,2019.0,0
3720,2024-04-28,Redmond,"$655,000",4.0,2.5,2490,6600.0,2.5,3.0,2007.0,0
1980,2024-05-08,Seattle,"$323,000",3.0,2.5,1610,11150.0,2.0,4.0,1920.0,0
1858,2024-04-15,Renton,"$368,000",3.0,2.5,1610,5590.0,1.0,3.0,2007.0,0
3303,2024-02-18,Bellevue,"$120,000,000",2.0,1.5,1750,10120.0,2.0,2.0,2010.0,0
2086,2024-06-12,Kirkland,"$518,000",2.0,1.0,1700,7700.0,2.5,3.0,1928.0,0
1340,2024-03-19,Renton,"$403,000",3.0,2.0,1790,,1.0,3.0,1917.0,0
3434,2024-01-27,Seattle,"$416,000",2.0,1.0,1570,6180.0,1.5,3.0,1979.0,0
2233,2024-04-01,Seattle,"$522,000",4.0,2.5,2110,4570.0,1.0,2.0,2018.0,0
1659,2024-01-21,Redmond ,"$724,000",6.0,3.5,3050,,1.0,3.0,1922.0,0
1747,2024-04-06,Seattle,"$408,000",4.0,3.5,1950,6320.0,3.0,4.0,1937.0,0
2765,2024-04-20,Seattle,"$458,000",3.0,2.5,1840,7090.0,3.0,3.0,2011.0,0
2999,2024-04-28,kirkland,"$533,000",1.0,1.5,1380,11580.0,2.0,4.0,2023.0,1
2482,2024-06-02,Seattle,"$453,000",,1.0,1790,6910.0,1.0,5.0,1941.0,0
2724,2024-03-15,Redmond,"$414,000",1.0,1.5,1400,3930.0,2.0,3.0,2016.0,0
3845,2024-01-06,Seattle,"$396,000",2.0,1.5,2020,13030.0,2.0,,1976.0,0
2456,2024-06-08,Seattle,"$226,000",1.0,1.0,1070,12880.0,2.0,3.0,1953.0,0
1872,2024-01-14,Seattle,"$680,000",4.0,3.0,2680,4500.0,2.0,3.0,1988.0,0
2907,2024-02-06,Bellevue,"$752,000",3.0,2.0,2190,,1.5,2.0,1915.0,0
1805,2024-04-24,Seattle,"$720,000",5.0,3.5,3260,4730.0,2.0,3.0,1902.0,0
3464,2024-04-24,Redmond,"$600,000",3.0,2.5,2220,4200.0,2.0,4.0,1933.0,0
3701,2024-06-29,Redmond,"$624,000",5.0,3.5,2640,9500.0,2.5,3.0,1934.0,0
2304,2024-02-25,Seattle,"$575,000",4.0,3.0,2040,8750.0,2.0,3.0,1974.0,0
1355,2024-01-13,Bellevue,"$820,000",3.0,2.0,2770,1780.0,3.0,3.0,1998.0,0
3814,2024-06-25,Seattle,"$250,000",2.0,1.0,1010,,2.0,4.0,1909.0,0
3168,2024-02-15,Bellevue ,"$560,000",3.0,3.0,1400,3780.0,2.0,5.0,,0
1735,2024-05-15,Seattle,"$383,000",2.0,2.0,1290,4000.0,3.0,3.0,2001.0,0
3519,2024-02-20,Bellevue,"$488,000",2.0,1.5,1400,4980.0,1.5,3.0,2004.0,0
1864,2024-05-01,Redmond,"$265,000",1.0,1.5,1060,5680.0,2.5,3.0,1913.0,0
3157,2024-02-16,Seattle,"$941,000",5.0,3.5,3870,22600.0,3.0,4.0,1965.0,0
3280,2024-05-13, Redmond,"$434,000",3.0,3.5,1570,3250.0,3.0,3.0,1927.0,0
1059,2024-03-21,Seattle,"$717,000",5.0,2.0,3360,3730.0,2.0,3.0,1915.0,0
3595,2024-03-03,Seattle,"$543,000",5.0,3.5,2050,9630.0,1.5,3.0,1947.0,0
3077,2024-02-15,Renton,"$339,000",2.0,2.0,2110,5700.0,2.5,3.0,1916.0,0
3654,2024-04-17,Kirkland,"$413,000",3.0,1.5,1560,5430.0,2.0,4.0,1936.0,0
3264,2024-03-07,Seattle,"$498,000",3.0,2.5,1950,7590.0,2.0,5.0,1916.0,0
1215,2024-03-13,Kirkland,"$442,000",2.0,1.0,1830,1880.0,1.0,3.0,1920.0,0
3333,2024-05-05,Kirkland,"$518,000",3.0,2.5,1830,5250.0,3.0,3.0,1984.0,0
2074,2024-06-25,Renton,"$332,000",1.0,2.0,"1,700 sqft",11010.0,1.0,4.0,1968.0,0
2180,2024-02-17, Seattle,"$375,000",3.0,2.0,1520,16960.0,2.5,4.0,1996.0,0
2540,2024-01-02,Bellevue,"$1,004,000",5.0,4.0,3550,6340.0,1.0,3.0,1958.0,0
3515,2024-04-12,Seattle,"$477,000",3.0,2.0,1880,22870.0,2.0,3.0,1967.0,0
3078,2024-03-17,Seattle,"$615,000",4.0,3.0,2500,12600.0,2.0,4.0,1929.0,0
1804,2024-05-24,Redmond,"$530,000",4.0,4.5,1600,23620.0,2.5,3.0,2005.0,0
1454,2024-01-05,Seattle,"$429,000",4.0,3.0,1890,14920.0,1.0,3.0,1979.0,0
3167,2024-01-14,Renton,"$313,000",3.0,3.0,1330,3000.0,2.0,3.0,1966.0,0
3286,2024-06-26,Seattle,"$761,000",4.0,2.5,2590,8530.0,1.5,3.0,1915.0,1
2125,2024-02-10,Bellevue,"$713,000",3.0,1.5,2440,8370.0,2.0,3.0,1995.0,0
1214,2024-05-02,Kirkland,"$724,000",3.0,2.0,2550,7080.0,2.0,3.0,1995.0,0
2168,2024-03-07,Bellevue,"$686,000",4.0,2.5,2320,8140.0,2.5,2.0,2009.0,0
2193,2024-03-31,Renton,"$397,000",3.0,1.5,1840,8010.0,3.0,3.0,1964.0,0
1962,2024-01-19,Bellevue,"$709,000",3.0,2.5,2370,5270.0,1.0,3.0,1926.0,0
1342,2024-06-11,Renton,"$282,000",1.0,1.0,970,4320.0,2.0,5.0,1992.0,0
1148,2024-01-14,Bellevue,"$528,000",2.0,1.5,1610,5880.0,1.0,4.0,2012.0,0
2993,2024-01-31,Seattle ,"$690,000",,2.5,2820,9970.0,1.0,5.0,1963.0,0
3471,2024-01-14,Bellevue,"$513,000",3.0,2.0,1900,9280.0,2.0,3.0,1923.0,0
3139,2024-05-13,Kirkland,"$565,000",3.0,2.0,1870,8820.0,2.0,3.0,2019.0,0
3900,2024-01-04,Bellevue,"$671,000",2.0,2.0,2040,32450.0,1.0,3.0,1969.0,0
1218,2024-05-07,Seattle,"$511,000",3.0,2.5,2090,5250.0,1.0,3.0,2011.0,0
3073,2024-05-09,Seattle,"$282,000",1.0,1.0,1090,8550.0,2.0,3.0,2003.0,0
1453,2024-01-10,,"$604,000",5.0,4.0,2210,10510.0,2.0,3.0,1918.0,0
1930,2024-06-04,Kirkland,"$337,000",3.0,2.5,1260,2050.0,1.0,2.0,2022.0,0
3104,2024-02-13,Renton,"$473,000",,2.5,2440,3070.0,2.0,3.0,1941.0,0
2239,2024-01-31,Seattle,"$596,000",3.0,2.5,2350,8730.0,2.5,3.0,1998.0,0
3067,2024-04-22,Bellevue,"$422,000",,2.0,1390,7780.0,2.0,3.0,1994.0,0
3253,2024-02-26,Bellevue,"$579,000",2.0,1.5,2060,19050.0,1.0,4.0,1936.0,0
2806,2024-06-04,Redmond,"$657,000",4.0,2.0,2530,13870.0,2.0,3.0,1903.0,0
3517,2024-05-15,Seattle,"$521,000",4.0,2.5,2010,6820.0,1.5,4.0,,0
2033,2024-06-22,bellevue,"$396,000",2.0,1.5,1430,4660.0,1.5,4.0,1932.0,0
1978,2024-05-02,Bellevue,"$898,000",5.0,3.5,3050,3950.0,1.5,3.0,1952.0,0
2398,2024-06-03,Renton,"$779,000",5.0,4.0,3620,7660.0,2.0,2.0,1983.0,0
3143,2024-03-21,Kirkland,"$409,000",2.0,,1930,6010.0,2.0,4.0,1909.0,0
3672,2024-01-22,,"$490,000",3.0,2.0,1840,11580.0,3.0,4.0,1949.0,0
2114,2024-04-29,Renton,"$340,000",3.0,3.0,1790,17950.0,1.0,,1944.0,0
2671,2024-02-17,Seattle,"$647,000",3.0,2.0,2310,13160.0,1.0,4.0,2008.0,0
3439,2024-04-22,Bellevue,"$658,000",3.0,2.0,2120,26030.0,1.5,3.0,2004.0,0
2243,2024-03-09,Bellevue,"$409,000",3.0,1.0,1590,4000.0,1.0,3.0,1921.0,0
2794,2024-04-15,Redmond,"$459,000",2.0,2.0,1700,22430.0,3.0,,1919.0,0
1802,2024-01-28,Seattle,"$489,000",3.0,2.0,1950,14050.0,2.0,3.0,1985.0,0
3148,2024-05-31,Renton,"$271,000",1.0,1.5,1350,13530.0,1.0,3.0,1976.0,0
3877,2024-05-20,Seattle,"$341,000",2.0,1.5,1330,8580.0,1.5,4.0,1997.0,0
2600,2024-05-02,Seattle,"$890,000",4.0,4.0,3560,6960.0,1.0,,2001.0,0
1151,2024-04-20,Kirkland,"$412,000",1.0,2.0,1580,3460.0,2.0,4.0,1984.0,0
3389,2024-06-24,Kirkland,"$323,000",1.0,1.0,1110,11210.0,1.5,4.0,,0
3376,2024-02-13,Seattle,"$773,000",4.0,2.5,3050,19420.0,1.5,4.0,1974.0,0
2306,2024-04-29,Renton,"$566,000",4.0,3.0,1850,,1.0,4.0,1920.0,1
3383,2024-06-07,Seattle,"$719,000",4.0,3.0,2770,19360.0,2.0,4.0,2001.0,0
1485,2024-02-27,,"$622,000",4.0,3.0,2650,17490.0,2.0,3.0,1905.0,0
2807,2024-05-04,Seattle,"$304,000",3.0,1.5,"1,870 sqft",20830.0,1.0,3.0,1906.0,0
2885,2024-03-21,Seattle,"$427,000",2.0,1.0,1810,8800.0,2.0,3.0,,0
2756,2024-06-14,Redmond,"$481,000",3.0,1.5,1780,13180.0,1.0,2.0,1923.0,0
1741,2024-04-20,,"$354,000",1.0,2.5,970,9690.0,1.5,3.0,2022.0,0
1650,2024-01-07,Seattle,"$461,000",3.0,2.5,1950,,2.0,4.0,1914.0,0
2864,2024-05-13,Bellevue,"$550,000",,2.0,2150,13340.0,1.0,3.0,1917.0,0
3892,2024-05-10,Renton,"$311,000",2.0,1.5,980,4740.0,1.0,4.0,1984.0,0
3052,2024-01-01,Seattle,"$307,000",2.0,1.0,1150,30350.0,1.5,5.0,1939.0,0
1570,2024-06-26,Bellevue,"$663,000",5.0,3.0,2370,14110.0,2.0,3.0,1951.0,0
2433,2024-06-05,seattle,Not disclosed,4.0,3.5,2670,7760.0,2.0,3.0,1917.0,0
2492,2024-02-21,Kirkland,"$393,000",2.0,1.0,1340,11890.0,1.5,3.0,1939.0,0
1518,2024-06-09,Kirkland,"$263,000",2.0,2.0,1090,4340.0,2.0,3.0,1991.0,0
2166,2024-06-30,Renton,"$500,000",3.0,4.0,2210,,2.0,4.0,1957.0,0
2778,2024-03-12,Bellevue,"$661,000",3.0,2.5,2210,3300.0,2.5,3.0,1900.0,0
2899,2024-04-15,Seattle,"$320,000",3.0,2.0,960,6450.0,1.0,4.0,2017.0,0
1994,2024-04-27,Seattle,"$652,000",3.0,2.0,2510,1810.0,1.5,5.0,1996.0,0
3261,2024-05-14,REDMOND,"$619,000",3.0,3.0,2320,7490.0,1.0,3.0,1979.0,0
1193,2024-05-01,Seattle,"$620,000",2.0,2.0,2310,7710.0,1.0,5.0,2023.0,0
2040,2024-02-28,Seattle,"$429,000",2.0,1.5,2060,7170.0,1.0,3.0,1924.0,0
1946,2024-02-26,Seattle,"$322,000",2.0,1.5,1210,19520.0,2.0,3.0,1992.0,0
3642,2024-05-31,KIRKLAND,"$752,000",3.0,2.0,2820,13800.0,1.5,4.0,1951.0,0
3729,2024-03-25,Bellevue ,"$554,000",3.0,2.0,2070,6780.0,1.5,4.0,1949.0,0
1073,2024-01-17,Renton,"$310,000",3.0,3.5,1620,,1.0,5.0,2018.0,0
2209,2024-04-13,Seattle,"$1,489,000",7.0,5.0,6370,21470.0,1.0,,1904.0,0
1090,2024-06-10,Bellevue,"$683,000",3.0,3.5,2190,11450.0,2.5,4.0,1911.0,0
3752,2024-04-12,Kirkland,"$351,000",4.0,2.0,1340,8490.0,1.5,3.0,1952.0,0
1018,2024-06-11,Seattle,"$329,000",1.0,1.5,1260,4490.0,1.0,3.0,2005.0,0
3009,2024-05-07,Seattle,"$391,000",3.0,3.5,1580,11670.0,1.5,5.0,1928.0,0
1665,2024-03-22,Seattle,"$369,000",2.0,1.5,1560,4490.0,1.0,3.0,1927.0,0
2662,2024-01-27,Redmond,"$669,000",4.0,2.5,2480,6250.0,1.0,1.0,2021.0,0
3372,2024-04-24,Seattle,"$869,000",4.0,2.5,3230,2530.0,2.0,4.0,1900.0,1
1116,2024-01-24,Renton,"$627,000",4.0,3.0,2590,13270.0,1.0,2.0,1979.0,0
2484,2024-06-22,SEATTLE,"$656,000",4.0,2.0,2930,3890.0,1.0,3.0,1931.0,0
2727,2024-05-06,Seattle,"$346,000",2.0,2.0,1370,3440.0,2.0,4.0,1990.0,0
3619,2024-04-09,Kirkland,"$454,000",,2.0,1800,,3.0,4.0,1941.0,0
3083,2024-01-14,Redmond,"$471,000",3.0,2.0,1640,13050.0,2.0,3.0,1931.0,0
1263,2024-06-23,Seattle,"$713,000",4.0,3.0,2750,6430.0,1.0,4.0,1920.0,0
1525,2024-04-25,Seattle,"$288,000",2.0,2.0,1370,10740.0,2.0,4.0,1932.0,0
3169,2024-02-01,Seattle,"$780,000",5.0,3.5,3330,9270.0,1.5,4.0,1962.0,0
1738,2024-04-11,Seattle,"$541,000",3.0,1.5,2250,4520.0,1.0,3.0,1939.0,0
2382,2024-04-26,Seattle,"$397,000",2.0,1.0,1880,,1.0,3.0,1941.0,0
1718,2024-01-18,Seattle,"$779,000",5.0,4.5,3130,7110.0,2.0,3.0,1921.0,0
1299,2024-01-30,Kirkland,"$879,000",5.0,3.5,3220,13300.0,2.0,3.0,1976.0,0
3473,2024-02-07,Kirkland,"$722,000",5.0,3.5,2850,6700.0,1.0,3.0,1956.0,0
2852,2024-03-05,Renton,"$417,000",2.0,2.0,1950,6100.0,2.5,4.0,1949.0,0
2451,2024-03-16,kirkland,"$405,000",2.0,2.5,1490,4760.0,1.0,3.0,1991.0,0
2257,2024-01-30,Kirkland,"$1,058,000",5.0,3.5,3990,12600.0,1.0,1.0,1913.0,0
1513,2024-01-01,Seattle,"$407,000",4.0,3.0,1690,3400.0,1.0,4.0,1965.0,0
1038,2024-01-03,Bellevue,"$854,000",4.0,3.0,2720,8430.0,1.0,3.0,1952.0,0
3431,2024-04-05,Kirkland,"$446,000",2.0,1.5,1700,5250.0,1.0,4.0,2022.0,0
3497,2024-05-10,Redmond,"$1,172,000",7.0,5.0,4230,8720.0,1.5,,1918.0,0
2181,2024-04-06,Kirkland,"$604,000",3.0,2.0,2300,2900.0,2.0,4.0,1910.0,0
1399,2024-02-28,Bellevue,"$507,000",3.0,,1880,8820.0,2.0,3.0,1913.0,0
2465,2024-06-16,Redmond,"$456,000",3.0,2.5,1620,8460.0,3.0,3.0,1957.0,0
2287,2024-01-10,Bellevue,"$462,000",2.0,2.0,1660,6100.0,1.0,,1919.0,0
2207,2024-02-14,Redmond,"$653,000",3.0,2.5,2120,9880.0,1.0,3.0,2011.0,0
2848,2024-01-04,redmond,"$427,000",3.0,1.5,1680,8530.0,1.0,4.0,2014.0,0
2316,2024-05-13,Redmond,"$395,000",3.0,1.5,1530,6770.0,1.5,4.0,1902.0,0
3973,2024-02-08,Seattle,"$428,000",3.0,2.5,1750,5540.0,1.0,3.0,2021.0,0
3343,2024-02-04,Kirkland,"$246,000",1.0,2.0,1000,10060.0,1.5,3.0,1965.0,0
1396,2024-06-25,Bellevue,"$483,000",3.0,1.5,1500,8530.0,2.5,4.0,1997.0,0
1095,2024-04-11,Seattle,"$241,000",1.0,1.0,1180,39890.0,1.0,4.0,1909.0,0
3557,2024-05-29,Seattle,"$360,000",1.0,1.5,"1,480 sqft",18740.0,1.0,3.0,1995.0,0
1717,2024-06-18,Redmond,"$544,000",2.0,2.0,1940,7910.0,2.5,4.0,1977.0,0
2082,2024-06-22,Renton,"$307,000",,2.0,2020,3470.0,1.0,3.0,1903.0,0
3689,2024-04-02,Seattle ,"$724,000",4.0,3.0,2030,6130.0,1.0,3.0,2005.0,1
1948,2024-02-02,Renton,"$203,000",1.0,2.0,1600,6110.0,1.0,3.0,1954.0,0
2277,2024-02-26,Seattle,"$436,000",2.0,1.5,1690,4390.0,1.0,3.0,2020.0,0
1896,2024-01-28,Renton,"$310,000",3.0,1.5,2060,19690.0,2.0,3.0,1904.0,0
3667,2024-03-07,Renton ,"$326,000",2.0,1.5,1690,4340.0,1.0,3.0,1933.0,0
2037,2024-02-26,Seattle,"$423,000",3.0,3.0,1320,2800.0,1.0,,2018.0,0
2553,2024-06-29,Seattle,"$333,000",2.0,2.5,1520,12920.0,1.0,5.0,1934.0,0
1197,2024-03-18, Redmond,"$610,000",3.0,3.0,2160,7800.0,1.5,4.0,2013.0,0
1408,2024-01-25,Kirkland,"$489,000",2.0,1.0,1680,4720.0,2.0,3.0,2009.0,0
1662,2024-03-22,,"$284,000",,1.5,1670,,1.0,3.0,1915.0,0
1579,2024-03-23,Renton,"$210,000",1.0,1.0,1170,10070.0,2.0,3.0,1919.0,0
2396,2024-04-19,Seattle,"$487,000",,2.0,2320,5990.0,1.0,4.0,1903.0,0
3686,2024-03-24,Kirkland ,"$543,000",3.0,2.0,1920,3790.0,1.0,5.0,1928.0,0
3325,2024-04-25,Seattle,"$312,000",1.0,1.0,1230,2500000.0,2.0,3.0,1999.0,0
1318,2024-04-15,REDMOND,"$713,000",4.0,3.5,2840,10890.0,2.0,3.0,1914.0,0
3229,2024-05-06,Seattle,"$285,000",3.0,4.0,1130,12780.0,1.0,3.0,1985.0,0
3829,2024-06-01,Kirkland,"$636,000",3.0,2.0,2320,3020.0,3.0,4.0,1939.0,0
2623,2024-02-29,Kirkland,"$893,000",5.0,3.0,3360,5650.0,1.0,4.0,1975.0,0
3246,2024-01-15,Seattle,"$268,000",1.0,2.0,1030,12900.0,1.0,3.0,,0
2650,2024-02-03,Kirkland,"$546,000",3.0,2.0,2000,3770.0,1.0,,2013.0,0
2321,2024-06-03,Bellevue,"$422,000",1.0,1.5,1000,9750.0,1.0,4.0,2022.0,0
3803,2024-06-23,Seattle,"$251,000",1.0,2.5,990,4540.0,2.0,3.0,2008.0,0
1545,2024-01-02,Seattle,"$351,000",1.0,1.0,1760,6720.0,1.0,3.0,,0
3970,2024-06-13,Seattle,"$508,000",2.0,3.0,1800,14300.0,1.0,4.0,1964.0,0
1839,2024-04-13,Bellevue,"$320,000",3.0,3.0,1190,6490.0,2.0,4.0,1923.0,0
3600,2024-04-15,Renton,"$407,000",3.0,3.0,1870,16300.0,1.0,2.0,1969.0,0
1547,2024-02-08,Bellevue,"$493,000",3.0,2.5,1910,5410.0,2.0,4.0,1921.0,0
2276,2024-06-30,Seattle,"$664,000",4.0,3.0,2820,2770.0,2.0,3.0,1965.0,0
1100,2024-05-25,Renton,"$264,000",3.0,3.0,1240,9820.0,2.0,4.0,1903.0,0
2229,2024-02-02,RENTON,"$253,000",2.0,1.5,1190,10340.0,1.0,5.0,2003.0,0
2437,2024-02-07,Seattle,"$630,000",4.0,3.0,2460,1990.0,2.0,3.0,1997.0,0
3695,2024-05-23,Renton,"$91,000",1.0,1.0,500,26370.0,1.0,3.0,1983.0,0
3711,2024-02-15,Renton,"$637,000",4.0,1.5,3510,21240.0,2.5,3.0,1951.0,0
1636,2024-01-21,Seattle,Not disclosed,3.0,2.5,2260,8550.0,2.0,3.0,2015.0,0
3374,2024-01-14,Seattle,"$444,000",2.0,1.5,1990,18840.0,1.5,3.0,1995.0,0
1591,2024-03-24,Renton,"$233,000",2.0,2.0,1090,11800.0,1.0,4.0,1994.0,0
3142,2024-01-08,Bellevue,"$819,000",6.0,4.5,2930,,1.0,3.0,1950.0,0
2424,2024-06-24,Bellevue,"$738,000",4.0,2.0,2550,6350.0,2.0,4.0,1929.0,0
3176,2024-02-08,Redmond,"$418,000",1.0,1.5,1740,6000.0,1.0,3.0,1918.0,0
1109,2024-01-17,,"$425,000",3.0,3.0,1820,10330.0,1.0,1.0,,0
1719,2024-01-31,Redmond,"$555,000",3.0,3.0,2080,,3.0,4.0,1987.0,0
3327,2024-04-12,Seattle,"$599,000",3.0,3.0,2070,4470.0,1.0,3.0,1935.0,0
3712,2024-02-28,Seattle,"$755,000",4.0,2.5,2820,3980.0,1.0,4.0,1968.0,0
3566,2024-03-27,Bellevue ,"$825,000",5.0,4.5,2450,2860.0,2.5,3.0,1944.0,1
2542,2024-05-22,Seattle,"$445,000",3.0,2.0,1500,15730.0,1.0,4.0,2004.0,0
1843,2024-02-09,Bellevue,"$460,000",3.0,2.5,1370,11310.0,1.0,3.0,,0
3627,2024-06-16,Redmond,"$285,000",1.0,1.0,1190,2800.0,1.0,4.0,1900.0,0
3402,2024-06-19,Kirkland,"$751,000",5.0,3.5,2800,2150.0,1.0,3.0,1960.0,0
1713,2024-02-20,Kirkland,"$285,000",2.0,1.0,1130,6030.0,2.0,3.0,1926.0,0
1288,2024-05-27,Bellevue,"$933,000",6.0,4.0,3130,7720.0,1.5,3.0,1963.0,0
2579,2024-03-19,Renton,"$294,000",2.0,2.0,1790,5530.0,1.5,3.0,1911.0,0
2367,2024-03-02,Seattle,"$423,000",3.0,,1780,5270.0,1.0,5.0,1910.0,0
2097,2024-05-25,Seattle,"$476,000",3.0,2.5,2040,3230.0,2.0,4.0,1935.0,0
2734,2024-01-15,Seattle,"$740,000",4.0,2.5,"3,000 sqft",5830.0,2.0,3.0,2012.0,0
2627,2024-02-03,BELLEVUE,"$409,000",2.0,1.0,1220,6360.0,1.0,2.0,1961.0,0
2415,2024-03-20,Seattle,"$237,000",1.0,1.0,860,,1.0,3.0,1964.0,0
2551,2024-04-16,seattle,"$574,000",1.0,1.0,2060,3890.0,1.0,4.0,1939.0,0
1745,2024-04-25,Bellevue ,"$722,000",3.0,2.5,2350,2680.0,2.0,3.0,1968.0,0
2182,2024-04-08,Seattle,"$366,000",1.0,1.0,1430,10220.0,3.0,4.0,1926.0,0
3685,2024-06-12,Seattle,"$376,000",1.0,1.0,1830,16490.0,1.0,3.0,1933.0,0
1842,2024-03-08,Kirkland,"$763,000",3.0,2.0,2780,5410.0,1.0,4.0,2005.0,0
1201,2024-03-15,Kirkland,"$373,000",1.0,1.5,1530,5410.0,2.5,4.0,2004.0,0
3446,2024-05-01,Redmond,"$460,000",3.0,2.0,1740,36000.0,1.0,5.0,1907.0,0
2503,2024-02-06,Bellevue,"$718,000",2.0,1.5,2560,2580.0,2.0,3.0,2013.0,0
3210,2024-02-16, Seattle,"$429,000",3.0,2.5,1600,1630.0,1.0,3.0,1953.0,0
3995,2024-04-19,Redmond,"$702,000",3.0,2.0,2600,6070.0,2.0,2.0,2015.0,0
2366,2024-02-06,Bellevue,"$1,045,000",5.0,3.0,3420,12310.0,2.5,3.0,1965.0,0
2427,2024-05-20,Seattle,"$876,000",6.0,5.0,3770,6320.0,2.0,3.0,,0
1526,2024-06-08,Bellevue,"$488,000",2.0,1.5,1760,7150.0,1.0,4.0,1980.0,0
2735,2024-05-27,Renton,"$472,000",3.0,2.0,2510,2310.0,1.5,4.0,1959.0,0
2696,2024-04-13,Bellevue,"$521,000",2.0,1.0,"1,490 sqft",7240.0,1.0,5.0,2005.0,0
3700,2024-05-13,Renton,"$189,000",1.0,1.0,720,9000.0,2.0,3.0,1993.0,0
1507,2024-02-04,Seattle,"$1,027,000",6.0,4.0,3730,,1.0,5.0,2004.0,0
1480,2024-01-30,Bellevue,"$603,000",2.0,1.5,1990,3950.0,1.0,3.0,1905.0,0
1688,2024-05-24,Renton,"$480,000",3.0,2.0,2130,10430.0,2.0,4.0,2008.0,0
3290,2024-03-04,seattle,"$684,000",4.0,2.5,3050,1620.0,1.0,3.0,1927.0,0
3537,2024-01-07,Kirkland,"$716,000",4.0,2.5,2630,23560.0,2.0,3.0,2013.0,0
1397,2024-06-25,Kirkland,"$403,000",3.0,2.5,1730,12590.0,1.0,5.0,1967.0,0
3221,2024-03-04,Bellevue,"$935,000",5.0,3.5,3050,2310.0,2.5,4.0,1990.0,0
3312,2024-03-26,Seattle,"$733,000",4.0,2.5,2750,6600.0,1.0,,,0
2448,2024-04-03,Bellevue,"$1,069,000",5.0,2.5,3750,8250.0,2.0,5.0,1966.0,0
1884,2024-02-22,Bellevue,"$540,000",2.0,2.0,"1,860 sqft",8540.0,1.0,3.0,1997.0,0
2527,2024-03-28,Bellevue,"$635,000",3.0,3.0,2050,3970.0,1.0,4.0,1989.0,0
2303,2024-01-23,Kirkland,"$702,000",4.0,2.5,2340,4560.0,1.0,3.0,1965.0,0
1603,2024-04-09,Renton,"$272,000",3.0,3.0,1190,9480.0,1.0,3.0,1982.0,0
1241,2024-02-09,Kirkland,"$497,000",2.0,1.5,1930,4140.0,2.0,3.0,,0
3749,2024-04-18,Bellevue,$0,6.0,4.0,3690,,1.0,2.0,1998.0,0
1449,2024-01-16,Seattle,"$467,000",2.0,2.0,2130,4970.0,1.5,2.0,1904.0,0
2063,2024-04-16,Seattle,"$344,000",3.0,,1500,14050.0,1.5,4.0,1966.0,0
3671,2024-06-18,Redmond,"$574,000",3.0,2.0,2170,7070.0,2.0,2.0,1902.0,0
1014,2024-03-14,Kirkland,"$857,000",5.0,2.5,3330,18510.0,1.0,1.0,2007.0,0
3981,2024-01-02,Redmond,"$547,000",3.0,2.0,1800,13460.0,1.5,4.0,1968.0,0
3137,2024-06-13,SEATTLE,"$712,000",5.0,4.0,2910,1880.0,2.0,3.0,2004.0,0
2058,2024-03-16,Seattle,"$510,000",3.0,2.5,2100,8920.0,1.5,3.0,1954.0,0
3730,2024-04-19,Renton,"$313,000",3.0,2.0,1730,5640.0,1.0,2.0,1941.0,0
2843,2024-03-26,Seattle,"$598,000",3.0,3.0,2440,29690.0,1.0,2.0,2009.0,0
1377,2024-01-26,Renton,"$278,000",1.0,1.0,1630,7970.0,1.0,1.0,1912.0,0
3419,2024-06-29,Seattle,"$578,000",3.0,3.5,2110,7000.0,1.0,3.0,2014.0,0
1264,2024-01-20,Seattle,"$331,000",2.0,1.0,1210,10200.0,1.0,3.0,1916.0,0
1616,2024-04-03,Kirkland,"$458,000",1.0,1.0,1460,5990.0,2.0,2.0,1923.0,1
1504,2024-03-14,Bellevue,"$381,000",3.0,2.0,1510,,1.0,3.0,1915.0,0
1058,2024-02-20,Redmond,"$768,000",2.0,2.0,2380,6720.0,2.0,3.0,2009.0,1
2515,2024-05-14,Renton,"$416,000",4.0,2.5,1910,9500.0,1.0,5.0,1960.0,0
3410,2024-04-07,,"$466,000",2.0,1.0,1980,6740.0,2.0,2.0,1953.0,1
3843,2024-04-30,bellevue,"$547,000",2.0,1.0,2120,14190.0,2.0,4.0,1951.0,0
3379,2024-01-24,Seattle,"$358,000",2.0,2.0,1320,3470.0,2.0,2.0,2019.0,0
3691,2024-04-04,Renton,"$238,000",2.0,2.5,1050,11250.0,2.0,5.0,1965.0,0
1233,2024-03-18,Renton,"$450,000",3.0,2.5,2140,5050.0,2.0,4.0,1921.0,0
2924,2024-04-01,Bellevue,"$275,000",2.0,,1140,9880.0,2.0,3.0,1932.0,0
2609,2024-03-24,Bellevue,"$691,000",3.0,1.5,"2,090 sqft",8980.0,2.0,3.0,1953.0,0
1944,2024-06-02,Bellevue,"$296,000",,1.0,1280,4400.0,2.0,3.0,1956.0,0
2076,2024-04-21,Seattle,"$351,000",2.0,1.0,1420,11250.0,1.0,4.0,1984.0,0
2172,2024-02-21,Kirkland,"$431,000",2.0,2.0,1680,10180.0,1.5,,2000.0,0
3968,2024-04-15,Seattle,"$518,000",4.0,3.5,1940,12830.0,1.0,3.0,1974.0,0
3319,2024-02-02,Bellevue,"$855,000",4.0,3.5,3130,17610.0,3.0,3.0,,0
3668,2024-06-24,Seattle,"$792,000",5.0,3.5,3430,7290.0,2.0,3.0,2001.0,0
1786,2024-05-21,Bellevue,"$667,000",2.0,2.0,2230,13340.0,3.0,3.0,1972.0,0
3796,2024-05-01,Redmond,"$759,000",4.0,2.0,2840,6890.0,2.0,3.0,1978.0,0
1174,2024-01-11,Renton,"$647,000",3.0,2.5,"2,480 sqft",3600.0,1.0,3.0,1920.0,1
1142,2024-03-30,Bellevue,"$898,000",4.0,2.5,2960,,1.5,2.0,2022.0,0
1205,2024-06-04,Seattle,"$691,000",2.0,1.5,2760,10410.0,1.0,3.0,2003.0,0
3051,2024-01-16,Renton,"$750,000",,3.0,3700,3130.0,2.0,3.0,1977.0,0
2272,2024-01-20,Bellevue,"$977,000",4.0,4.0,3090,6790.0,1.0,4.0,1965.0,0
3062,2024-01-15,Seattle,"$558,000",3.0,2.5,2210,9770.0,1.0,2.0,1943.0,0
1940,2024-03-20,Seattle,"$389,000",2.0,2.0,1600,18670.0,1.0,3.0,1907.0,0
3197,2024-02-21,Seattle,"$431,000",2.0,1.5,1960,5410.0,1.0,3.0,1916.0,0
3353,2024-03-08,Seattle,"$490,000",4.0,2.5,2170,6070.0,1.0,2.0,1994.0,0
1682,2024-03-31,Seattle,"$351,000",3.0,3.0,990,12480.0,2.0,3.0,2005.0,0
3480,2024-06-01,RENTON,"$294,000",2.0,1.5,1580,12090.0,1.0,3.0,,0
3201,2024-03-15,Seattle,"$307,000",,1.0,1180,18310.0,2.0,3.0,2023.0,0
1865,2024-04-15,Seattle,"$304,000",2.0,1.5,1310,3060.0,2.0,4.0,1992.0,0
3757,2024-04-13,Renton,"$215,000",2.0,2.0,1390,17130.0,2.0,3.0,2005.0,0
3608,2024-06-07,Seattle,"$484,000",3.0,3.0,1990,,3.0,4.0,1928.0,0
3713,2024-06-05,Seattle,"$209,000",1.0,1.5,950,8980.0,2.0,3.0,1953.0,0
1790,2024-03-03,Redmond,"$676,000",3.0,1.5,2640,20590.0,1.0,3.0,1919.0,0
2145,2024-06-13,Bellevue,"$532,000",2.0,2.5,1610,6150.0,2.0,4.0,2017.0,0
2459,2024-06-06,Renton,"$631,000",4.0,3.0,2980,,2.5,3.0,2003.0,0
3612,2024-06-16,Kirkland,"$500,000",4.0,3.0,1860,9780.0,1.0,2.0,1911.0,0
3217,2024-06-10,Seattle,"$336,000",2.0,1.5,1200,4080.0,2.0,3.0,1977.0,0
2280,2024-02-08,Redmond,"$643,000",,2.0,2310,12290.0,1.0,3.0,2002.0,0
1269,2024-01-19,Seattle,"$634,000",4.0,2.5,2860,7530.0,1.5,3.0,1917.0,0
2845,2024-01-09, Seattle,"$263,000",1.0,1.0,1200,10750.0,2.0,3.0,1955.0,0
2491,2024-01-30,Seattle,"$312,000",2.0,2.0,1490,12390.0,2.0,4.0,1910.0,0
1512,2024-03-23,Kirkland,"$824,000",4.0,3.5,2800,3300.0,1.5,2.0,2002.0,0
1869,2024-05-19,Seattle,"$316,000",3.0,1.5,1460,16380.0,2.5,5.0,1913.0,0
2633,2024-04-10,Redmond,"$391,000",2.0,1.5,1980,13890.0,2.0,3.0,1905.0,0
1101,2024-01-11,Renton,"$438,000",3.0,3.0,2150,10990.0,1.0,3.0,1950.0,0
1013,2024-03-14,,"$482,000",2.0,2.5,2060,7280.0,1.5,3.0,1987.0,0
1645,2024-03-21,Redmond,"$610,000",2.0,2.5,2030,6230.0,2.0,5.0,2004.0,0
2782,2024-06-24, Kirkland,"$464,000",2.0,2.0,1550,4640.0,1.0,3.0,,0
1779,2024-06-11,Kirkland,"$783,000",3.0,2.5,2400,4790.0,2.0,4.0,1954.0,1
2507,2024-06-08,Kirkland,"$377,000",3.0,2.0,1360,10360.0,2.0,4.0,1977.0,0
2307,2024-02-24,Redmond,"$616,000",3.0,2.5,2380,3160.0,1.0,3.0,1948.0,0
2684,2024-05-25,Seattle,"$149,000",2.0,1.0,710,3340.0,2.0,3.0,1901.0,0
2681,2024-03-04,Kirkland,"$372,000",,1.5,1510,5790.0,1.0,4.0,1925.0,0
2353,2024-04-19,Seattle,"$839,000",5.0,3.5,3440,11100.0,2.0,3.0,1963.0,0
2055,2024-05-26,Seattle,"$684,000",4.0,3.0,2220,8150.0,1.0,4.0,1936.0,1
3772,2024-01-03,Kirkland,"$329,000",1.0,1.5,1340,3200000.0,1.5,3.0,1984.0,0
3172,2024-02-07,Seattle,"$559,000",3.0,2.5,1930,4080.0,2.0,4.0,2008.0,0
1021,2024-01-17,,"$154,000",1.0,1.5,790,6540.0,1.0,3.0,1930.0,0
1750,2024-04-19,Kirkland,"$437,000",2.0,1.5,1990,9410.0,3.0,3.0,1934.0,0
2068,2024-02-03,Redmond,"$563,000",2.0,2.0,2080,11800.0,2.0,4.0,2021.0,0
1118,2024-01-16,Kirkland,"$682,000",3.0,1.5,2690,3410.0,1.0,3.0,1979.0,0
3937,2024-01-02,Seattle,"$956,000",5.0,3.5,3850,10940.0,1.5,3.0,2011.0,0
2085,2024-03-09,Renton,"$604,000",4.0,3.5,2670,4730.0,2.0,3.0,1969.0,0
3420,2024-01-01,Renton,"$574,000",4.0,2.5,2690,11930.0,2.0,4.0,1929.0,0
1564,2024-06-10,Redmond,"$652,000",4.0,3.0,2700,5600.0,2.5,3.0,1909.0,0
3213,2024-06-05,Renton,"$370,000",3.0,2.0,1980,5980.0,1.0,5.0,1949.0,0
2164,2024-04-24,Seattle,"$581,000",2.0,2.0,2300,5560.0,1.0,3.0,1976.0,0
1491,2024-03-02,Kirkland,"$381,000",2.0,2.0,1350,4920.0,1.0,3.0,2022.0,0
1047,2024-01-22,Bellevue,"$1,197,000",5.0,3.0,4250,2520.0,2.0,3.0,1910.0,0
1493,2024-03-17,Redmond,"$584,000",4.0,4.0,2170,8120.0,1.0,5.0,1929.0,0
2694,2024-03-04,Kirkland,"$501,000",,2.0,1570,2650.0,2.0,3.0,1937.0,0
2023,2024-03-01,,"$248,000",1.0,2.0,940,3800.0,1.0,3.0,1942.0,0
3582,2024-05-18,Kirkland,"$370,000",3.0,2.5,1650,4740.0,2.0,3.0,,0
2154,2024-06-12,Seattle,"$355,000",,2.5,1430,4550.0,1.0,3.0,1991.0,0
2966,2024-06-06,Seattle,"$461,000",3.0,2.5,2120,4470.0,1.5,4.0,1904.0,0
1769,2024-06-02,Seattle,"$433,000",,3.0,1390,11190.0,2.0,3.0,1978.0,0
3450,2024-02-22,Redmond,"$414,000",3.0,,1500,4700.0,2.0,3.0,1995.0,0
2569,2024-03-05,Bellevue,"$814,000",2.0,1.5,2780,,2.0,,1911.0,0
1929,2024-01-03,Redmond,"$646,000",3.0,1.5,2440,3900.0,3.0,5.0,,0
3816,2024-02-11,Redmond,"$347,000",2.0,2.0,1470,18570.0,1.0,3.0,1948.0,0
3576,2024-06-24,Redmond,"$501,000",3.0,2.0,2020,7410.0,1.0,3.0,1979.0,0
2030,2024-04-24,bellevue,"$655,000",3.0,2.5,2280,8810.0,1.0,3.0,1904.0,0
2253,2024-04-24,Seattle,"$556,000",4.0,2.5,2170,5350.0,1.0,4.0,2015.0,0
2800,2024-04-17,Redmond,"$1,026,000",5.0,3.5,4170,2020.0,1.5,3.0,1998.0,0
1565,2024-02-28,Redmond,"$762,000",5.0,4.5,2770,5920.0,1.0,3.0,1944.0,0
1610,2024-03-18,Bellevue,"$482,000",3.0,2.5,1800,7230.0,1.0,3.0,1905.0,0
3164,2024-04-17,Bellevue,"$802,000",,3.0,2770,2580.0,1.0,,1978.0,0
3605,2024-02-14,Seattle,"$214,000",3.0,2.0,880,11230.0,2.0,1.0,1990.0,0
2715,2024-04-10,Seattle,"$318,000",3.0,2.0,1450,14300.0,2.0,5.0,1941.0,0
2464,2024-02-21,Seattle ,"$486,000",3.0,2.5,1950,1920.0,1.0,1.0,2010.0,0
2652,2024-02-15,Seattle,"$436,000",3.0,3.0,1710,2340.0,1.5,3.0,1952.0,0
1577,2024-05-10,Renton,"$330,000",2.0,2.5,1320,8000.0,1.0,3.0,1955.0,0
1627,2024-01-22,Kirkland,"$396,000",2.0,1.0,1420,4940.0,1.0,3.0,1988.0,0
2632,2024-04-29,Renton,"$455,000",3.0,1.0,2270,,2.0,2.0,,0
3195,2024-01-05,Redmond,"$873,000",5.0,3.5,3070,,1.5,5.0,2018.0,0
2636,2024-05-18,Bellevue,"$642,000",4.0,2.5,2380,8010.0,2.0,4.0,1910.0,0
3355,2024-06-17,Bellevue,"$472,000",3.0,,1450,6550.0,1.0,3.0,1928.0,0
3272,2024-06-24,Redmond,"$372,000",2.0,1.5,1070,3030.0,1.0,4.0,2009.0,0
2939,2024-02-22,Seattle,"$569,000",3.0,1.5,2020,8130.0,2.0,4.0,2007.0,0
3819,2024-04-16,Bellevue,"$629,000",3.0,,"2,130 sqft",5020.0,1.5,5.0,1973.0,0
1756,2024-01-09,SEATTLE,"$1,160,000",7.0,4.5,4770,12770.0,1.0,4.0,2005.0,0
3534,2024-06-28,Seattle,"$541,000",3.0,1.5,2520,5990.0,2.0,5.0,1917.0,0
2580,2024-06-30,Renton,"$621,000",4.0,3.0,2970,5380.0,1.0,2.0,1971.0,0
2643,2024-06-03,Bellevue,"$604,000",3.0,,2160,6870.0,1.0,3.0,1933.0,0
1640,2024-02-20,Renton,"$476,000",4.0,3.0,2160,8550.0,1.0,4.0,1950.0,0
2147,2024-06-15,Kirkland,"$461,000",3.0,2.5,1590,8110.0,1.0,4.0,1963.0,0
1044,2024-03-23,Seattle ,"$384,000",2.0,1.5,1440,6720.0,1.0,3.0,1997.0,0
1008,2024-04-14,Kirkland,"$881,000",4.0,1.5,3380,,2.0,3.0,1940.0,0
3467,2024-04-10,Kirkland,"$792,000",5.0,3.5,2880,8160.0,2.0,4.0,1961.0,0
1739,2024-05-15,,"$636,000",4.0,2.0,2290,34930.0,2.0,3.0,1902.0,0
1033,2024-05-02,Seattle,"$386,000",2.0,2.0,1090,8970.0,2.0,4.0,1936.0,1
1471,2024-02-12,Bellevue,"$826,000",3.0,2.5,2750,10560.0,1.0,,1903.0,0
1472,2024-01-27,Bellevue,"$258,000",1.0,1.0,1120,,3.0,3.0,1938.0,0
1422,2024-02-12,Seattle,"$450,000",3.0,2.0,1680,5560.0,2.0,3.0,1995.0,0
2741,2024-01-03,Seattle,"$476,000",2.0,2.0,2000,8840.0,1.0,,1954.0,0
3270,2024-03-02,Renton,"$250,000",2.0,1.0,1370,6170.0,1.5,2.0,1905.0,0
2626,2024-05-02,Kirkland,"$675,000",3.0,2.5,2510,2250.0,1.0,,2002.0,0
2522,2024-01-27,Bellevue,"$777,000",3.0,2.0,2340,3020.0,1.0,3.0,2009.0,0
2793,2024-01-06,seattle,"$690,000",5.0,3.5,2820,3960.0,2.0,3.0,1913.0,0
3854,2024-06-08,Seattle,"$540,000",4.0,2.0,2290,,1.5,3.0,1922.0,0
3736,2024-04-19,Bellevue,"$481,000",2.0,2.0,1520,15120.0,2.5,3.0,1991.0,0
2839,2024-01-13,Kirkland,"$207,000",1.0,1.5,750,8140.0,2.0,2.0,1941.0,0
1906,2024-03-30,Redmond,"$419,000",3.0,2.5,1700,5220.0,1.5,3.0,1958.0,0
2099,2024-04-19, Renton,"$354,000",3.0,2.5,1620,5710.0,1.5,3.0,1919.0,0
3846,2024-04-02, Redmond,"$787,000",5.0,3.5,3010,9990.0,1.0,5.0,1930.0,0
3632,2024-06-13,Bellevue,"$430,000",1.0,1.0,1450,7030.0,2.0,5.0,1900.0,0
2117,2024-05-14,Seattle,"$471,000",3.0,2.5,1940,11670.0,2.0,5.0,1970.0,0
1465,2024-01-12,Redmond,"$570,000",2.0,1.0,1740,5650.0,3.0,3.0,1935.0,1
2376,2024-05-23,SEATTLE,"$438,000",3.0,1.5,2140,12120.0,2.0,5.0,1902.0,0
2292,2024-04-29,Redmond,"$376,000",2.0,1.5,1490,16040.0,1.0,3.0,1939.0,0
2266,2024-03-18,Kirkland,"$258,000",1.0,1.0,930,10430.0,2.0,4.0,1901.0,0
2982,2024-03-12,Bellevue,"$823,000",3.0,3.0,2890,4170.0,2.0,4.0,2002.0,0
1668,2024-04-22,Renton,"$506,000",4.0,3.0,2670,20550.0,1.5,3.0,1965.0,0
1010,2024-02-16,Bellevue,"$588,000",3.0,3.0,1920,22690.0,1.5,4.0,2012.0,0
3273,2024-03-24,Kirkland,"$395,000",2.0,2.0,1750,11000.0,2.0,2.0,1934.0,0
2773,2024-05-24,Redmond,"$523,000",3.0,2.0,2320,25920.0,2.0,2.0,1929.0,0
2136,2024-05-26,Seattle,"$447,000",3.0,2.5,1840,3690.0,2.5,3.0,1997.0,0
1984,2024-02-22,Bellevue,"$409,000",2.0,1.0,1700,5820.0,1.5,3.0,1988.0,0
2365,2024-02-05,Bellevue,"$447,000",2.0,1.0,1510,2270.0,3.0,3.0,1918.0,0
3684,2024-05-22,redmond,"$534,000",3.0,3.0,1830,3070.0,2.0,3.0,1932.0,0
3941,2024-05-14,Renton,"$441,000",3.0,3.5,1920,4060.0,2.0,5.0,1907.0,0
2039,2024-05-16, Bellevue,"$569,000",4.0,3.5,2050,3620.0,2.0,4.0,1971.0,0
2577,2024-03-27,Kirkland,"$543,000",3.0,2.5,2350,11340.0,2.0,2.0,2023.0,0
2334,2024-06-09,Renton,"$263,000",2.0,2.0,1440,3180.0,1.5,4.0,1941.0,0
3375,2024-01-23,Bellevue,"$501,000",3.0,2.0,1700,,2.5,3.0,1964.0,0
3913,2024-01-27,Bellevue,"$704,000",4.0,2.5,2460,7630.0,1.0,4.0,1953.0,0
1049,2024-04-23,Redmond,"$891,000",6.0,4.0,3260,18250.0,1.0,3.0,2005.0,0
3714,2024-04-22,Seattle,"$299,000",2.0,1.5,1120,6290.0,1.5,3.0,2000.0,0
2204,2024-06-22,Kirkland,"$771,000",4.0,2.5,3080,3080.0,1.0,4.0,1959.0,0
3917,2024-01-02,Seattle,"$470,000",4.0,2.5,1880,7320.0,1.0,3.0,1952.0,0
3021,2024-05-24,Redmond,"$299,000",2.0,2.5,1000,4830.0,2.0,3.0,1999.0,0
1433,2024-02-10,Redmond,"$297,000",1.0,1.0,1210,10280.0,1.0,3.0,1994.0,0
1787,2024-01-08,Kirkland,"$564,000",3.0,2.5,2100,5480.0,1.0,2.0,2007.0,0
2460,2024-03-07,Bellevue,"$358,000",1.0,1.5,1300,5890.0,3.0,5.0,,0
1125,2024-03-16,Seattle,"$378,000",2.0,1.5,1610,6570.0,2.0,4.0,1934.0,0
1066,2024-04-24,,"$746,000",4.0,3.5,2530,4190.0,1.0,3.0,2001.0,0
3547,2024-02-27,Renton,"$361,000",2.0,3.0,1350,14510.0,1.0,4.0,1923.0,0
2230,2024-06-24,Seattle,"$578,000",3.0,2.5,2290,6430.0,1.0,4.0,,0
2877,2024-04-26,Seattle,"$517,000",3.0,2.5,1860,12160.0,2.0,5.0,1974.0,0
2809,2024-06-14,Bellevue,"$602,000",3.0,2.0,1830,10970.0,1.0,4.0,2009.0,0
2768,2024-03-23,Seattle,"$570,000",,2.0,2510,3120.0,1.0,3.0,1982.0,0
2383,2024-02-22,Bellevue,"$563,000",3.0,2.0,1870,2380.0,1.5,3.0,1976.0,0
1781,2024-03-31,Seattle,"$431,000",2.0,1.5,1960,29360.0,1.0,3.0,,0
2235,2024-05-31,Seattle,"$302,000",,1.5,1330,8000.0,3.0,2.0,1981.0,0
1130,2024-01-12,Redmond,"$1,215,000",7.0,5.0,4510,14960.0,1.0,4.0,1968.0,0
3577,2024-04-09,Redmond,"$610,000",3.0,2.5,2210,5620.0,1.5,4.0,1978.0,0
2803,2024-05-18,Seattle,Not disclosed,2.0,1.0,1900,,1.5,4.0,1927.0,0
3564,2024-03-17, Bellevue,"$445,000",3.0,2.5,1540,5670.0,2.0,5.0,1967.0,0
2676,2024-01-01,Renton,"$278,000",3.0,,1280,18760.0,1.0,3.0,1929.0,0
3978,2024-05-27,Kirkland,"$980,000",5.0,2.5,3360,8350.0,1.0,3.0,1929.0,0
2496,2024-04-16,Redmond,"$537,000",2.0,2.0,1780,20450.0,1.5,4.0,1930.0,0
2313,2024-04-13,Redmond,"$465,000",3.0,1.0,1880,14570.0,2.0,3.0,1974.0,0
3947,2024-05-23,Seattle,"$644,000",4.0,3.0,2850,4190.0,1.5,4.0,,0
3822,2024-02-25,Redmond,"$301,000",3.0,2.5,1400,4240.0,1.0,3.0,1980.0,0
3810,2024-03-25,,"$597,000",2.0,2.0,2330,9370.0,1.0,3.0,1976.0,0
2658,2024-03-18,Kirkland,"$658,000",3.0,1.5,2560,7490.0,2.0,5.0,1924.0,0
3634,2024-05-05, Redmond,"$799,000",4.0,3.0,3040,10700.0,2.0,3.0,1916.0,0
1238,2024-02-17,Kirkland,"$671,000",5.0,3.0,2760,12490.0,1.5,3.0,1939.0,0
3658,2024-02-17,Redmond,"$432,000",2.0,2.5,1950,23690.0,2.5,3.0,1967.0,0
2017,2024-01-20,Redmond,"$472,000",3.0,2.0,1870,9740.0,1.0,3.0,1958.0,0
3906,2024-01-25,Redmond,"$449,000",2.0,,1880,4220.0,2.0,3.0,1965.0,0
2941,2024-02-04,Seattle,"$362,000",1.0,1.5,1250,9970.0,1.0,3.0,2019.0,0
3563,2024-02-02,Kirkland,"$627,000",3.0,3.0,2150,13140.0,2.0,3.0,2021.0,0
3528,2024-06-21,Renton,"$505,000",3.0,1.5,2310,4640.0,1.0,3.0,,0
2752,2024-02-18,Seattle,"$376,000",2.0,1.5,1510,6580.0,2.5,5.0,1970.0,0
1763,2024-06-16,Seattle,"$304,000",1.0,1.5,1440,7930.0,1.0,5.0,1909.0,0
1370,2024-06-26,Renton,"$589,000",4.0,3.0,2640,,1.0,2.0,1920.0,0
1523,2024-04-21,Seattle,"$432,000",2.0,2.0,"1,410 sqft",4080.0,2.0,4.0,2013.0,0
2223,2024-01-28,Renton,"$334,000",3.0,3.0,1560,10910.0,1.0,4.0,1948.0,0
1076,2024-02-07,Seattle,"$457,000",2.0,1.0,1730,5020.0,1.0,2.0,1967.0,0
3925,2024-06-11, Seattle,"$445,000",3.0,2.5,1890,13380.0,1.0,3.0,1961.0,0
1055,2024-06-17,Kirkland,"$883,000",4.0,2.0,3310,3380.0,2.0,4.0,1990.0,0
1267,2024-02-06,Seattle,"$364,000",2.0,1.0,1640,2970.0,1.0,3.0,1951.0,0
3614,2024-01-02,Kirkland,"$987,000",5.0,4.0,3460,11800.0,1.0,3.0,1953.0,0
2674,2024-01-04,Seattle,"$361,000",2.0,2.0,1310,12850.0,2.5,3.0,2016.0,0
2833,2024-02-13,Bellevue ,"$581,000",3.0,2.0,2160,10150.0,2.0,3.0,1924.0,0
3775,2024-03-08,Kirkland,"$559,000",4.0,2.5,2210,8310.0,2.0,3.0,1954.0,0
3921,2024-01-10,Renton,"$268,000",1.0,1.0,1140,11190.0,1.0,3.0,2016.0,0
3115,2024-06-29,Seattle,"$425,000",1.0,1.0,1320,4800.0,2.0,4.0,2000.0,1
1921,2024-06-04,Seattle,"$357,000",1.0,1.5,1680,9940.0,3.0,2.0,1978.0,0
1383,2024-01-05,Kirkland,"$736,000",5.0,3.5,"2,570 sqft",7400.0,1.0,3.0,2017.0,0
1298,2024-06-11,Kirkland,"$470,000",2.0,2.0,1620,5730.0,1.0,4.0,2015.0,0
3367,2024-06-20,Seattle,"$530,000",3.0,3.0,2180,8830.0,1.0,5.0,1938.0,0
2960,2024-03-14,Redmond,"$358,000",2.0,2.0,1290,10690.0,2.0,5.0,1953.0,0
3820,2024-01-21,Renton,"$652,000",5.0,3.5,2810,,1.5,4.0,1971.0,0
3318,2024-04-15,Kirkland,"$482,000",,1.5,1840,21520.0,2.0,4.0,,0
3293,2024-01-31,Redmond,"$570,000",3.0,2.5,2180,31630.0,1.0,4.0,1945.0,0
1836,2024-06-14,Redmond,"$718,000",5.0,3.5,2630,8660.0,1.0,5.0,2019.0,0
2648,2024-04-09,Kirkland,"$443,000",3.0,2.5,1680,10590.0,2.0,5.0,1998.0,0
3920,2024-06-17,Kirkland,"$611,000",3.0,2.0,2390,8400.0,2.0,2.0,1982.0,0
1464,2024-01-13,,"$398,000",3.0,3.5,1390,2980.0,2.0,4.0,1946.0,0
3074,2024-05-06,Renton,"$201,000",2.0,1.5,1070,4940.0,1.5,3.0,,0
3725,2024-06-17,Seattle,"$437,000",1.0,1.0,1690,6280.0,1.0,5.0,2020.0,0
2339,2024-01-15,Renton,"$233,000",2.0,1.5,1300,5060.0,2.0,2.0,1930.0,0
2887,2024-06-02,Seattle,"$339,000",3.0,2.0,1170,,1.0,4.0,1958.0,0
2372,2024-02-15,Renton,"$317,000",3.0,2.0,1910,3960.0,1.0,,1914.0,0
3443,2024-03-18,Seattle,"$601,000",4.0,2.0,2600,27270.0,1.5,4.0,1995.0,0
2071,2024-05-25,Renton,"$756,000",6.0,4.0,4160,5230.0,1.0,3.0,1913.0,0
2190,2024-06-23,Redmond,"$365,000",1.0,1.0,1340,1500.0,1.0,3.0,1915.0,0
1596,2024-02-24,Seattle,"$250,000",2.0,2.0,1110,9650.0,1.0,3.0,1944.0,0
2599,2024-01-08,Kirkland,"$483,000",3.0,2.0,2100,13130.0,1.0,3.0,1905.0,0
2217,2024-04-03,Seattle,"$176,000",2.0,2.0,1040,20580.0,2.0,2.0,1915.0,0
2874,2024-03-30,renton,"$838,000",5.0,3.5,3800,4830.0,1.0,4.0,1919.0,0
2731,2024-01-14,Renton,"$350,000",2.0,1.0,1490,7760.0,3.0,3.0,2023.0,0
1368,2024-03-15,Redmond,"$592,000",4.0,3.0,2300,7940.0,1.5,4.0,2014.0,0
3593,2024-01-16,Redmond,"$312,000",1.0,1.5,1160,5570.0,2.0,4.0,1997.0,0
3024,2024-01-10,Seattle,"$534,000",3.0,2.5,1950,6350.0,1.0,4.0,1984.0,0
1098,2024-05-03,Seattle,"$381,000",3.0,2.5,1840,12590.0,2.0,2.0,1904.0,0
2099,2024-04-19, Renton,"$354,000",3.0,2.5,1620,5710.0,1.5,3.0,1919.0,0
2847,2024-04-07,Seattle ,"$464,000",3.0,2.0,1920,22680.0,2.0,4.0,1944.0,0
2419,2024-01-24,Renton,"$259,000",2.0,1.0,1270,4710.0,2.0,3.0,1947.0,0
1382,2024-03-18,Renton,"$634,000",5.0,4.0,"2,780 sqft",4480.0,1.0,4.0,1974.0,0
3924,2024-02-28,Redmond,"$699,000",3.0,3.0,2500,6340.0,2.0,3.0,2021.0,0
2775,2024-06-22,Redmond,"$392,000",2.0,1.5,1680,9000.0,2.0,4.0,1980.0,0
1029,2024-05-11,Seattle,"$466,000",2.0,2.0,1880,3210.0,1.0,3.0,2017.0,0
1448,2024-05-25,Redmond ,"$510,000",3.0,2.5,2060,6480.0,1.5,2.0,1972.0,0
3288,2024-01-28,Kirkland,"$792,000",3.0,2.0,2630,,2.0,5.0,,0
1821,2024-05-31,,"$785,000",4.0,3.0,2480,6020.0,2.0,3.0,1998.0,1
3556,2024-05-16,Redmond,"$392,000",1.0,1.5,1350,5290.0,2.0,4.0,2001.0,0
2891,2024-04-22,Seattle,"$332,000",3.0,2.5,1550,17900.0,2.0,3.0,1930.0,0
3728,2024-03-02,Seattle,"$558,000",3.0,2.0,2170,9600.0,2.5,4.0,1972.0,0
3215,2024-02-24,Renton,"$257,000",2.0,2.0,1460,2480.0,1.5,5.0,1907.0,0
3559,2024-06-17,Bellevue,"$243,000",3.0,2.5,830,19850.0,2.5,3.0,1951.0,0
1722,2024-06-05,Bellevue,"$660,000",4.0,4.0,2360,10330.0,3.0,3.0,1971.0,0
3991,2024-06-28,Kirkland,"$378,000",2.0,2.0,1250,14940.0,1.0,3.0,1998.0,0
3569,2024-01-31,Redmond,"$235,000",1.0,1.5,870,3440.0,1.0,3.0,1929.0,0
2916,2024-04-27,Seattle,"$349,000",1.0,1.0,1470,5280.0,1.0,4.0,1996.0,0
2596,2024-02-11,Redmond,$0,3.0,2.5,1490,10110.0,1.0,3.0,1977.0,1
2110,2024-01-05,Seattle,"$360,000",1.0,1.5,1880,4550.0,2.0,4.0,1981.0,0
1780,2024-01-24,Renton,"$369,000",,1.5,1810,6430.0,1.5,3.0,1990.0,0
2024,2024-01-18,Bellevue,"$473,000",2.0,2.0,1460,14460.0,1.0,5.0,1999.0,0
1005,2024-05-25,Seattle,"$763,000",5.0,4.0,3130,12380.0,2.0,3.0,1927.0,0
3707,2024-02-23,Renton,"$529,000",3.0,2.5,2330,17280.0,1.5,4.0,2014.0,0
2781,2024-02-01,Seattle,"$295,000",2.0,2.0,1400,23330.0,1.5,5.0,1902.0,0
3951,2024-01-29,Seattle,"$497,000",4.0,4.0,1860,12190.0,1.5,2.0,2006.0,0
1517,2024-04-27,Seattle,"$477,000",4.0,2.5,1880,3420.0,1.5,4.0,1925.0,0
3777,2024-06-11,Redmond,"$305,000",2.0,1.5,1440,6030.0,3.0,3.0,1924.0,0
3472,2024-05-05,Renton,"$423,000",3.0,2.5,2060,6590.0,1.0,4.0,1997.0,0
3747,2024-06-14,Seattle,"$648,000",4.0,3.5,2560,3970.0,3.0,4.0,1977.0,0
1351,2024-05-23,Redmond,"$936,000",3.0,1.5,3000,20710.0,1.0,4.0,1957.0,1
2210,2024-05-30,Bellevue,"$690,000",2.0,2.0,2100,11230.0,2.0,3.0,1979.0,0
3572,2024-06-21,,"$572,000",2.0,2.0,"1,950 sqft",4070.0,2.5,5.0,1961.0,0
2562,2024-03-17,Redmond,"$558,000",2.0,2.0,2130,5990.0,2.0,3.0,1941.0,0
1661,2024-01-24,Seattle,"$588,000",4.0,3.0,2220,,2.0,4.0,1946.0,0
3929,2024-01-02,Bellevue,"$827,000",4.0,3.0,2900,6870.0,2.0,3.0,,0
3194,2024-01-05,Seattle,"$593,000",4.0,2.5,2250,4900.0,1.0,3.0,1982.0,0
1900,2024-06-25,Bellevue,"$524,000",3.0,2.0,1790,4680.0,1.5,4.0,2013.0,0
3171,2024-06-22,Bellevue,"$558,000",4.0,3.0,1810,8480.0,2.0,5.0,1995.0,0
1159,2024-01-17,Kirkland ,"$361,000",1.0,1.0,1510,7660.0,2.0,4.0,1994.0,0
1384,2024-05-09,Bellevue,"$549,000",3.0,2.0,1800,7160.0,3.0,2.0,1941.0,0
3132,2024-05-12,Kirkland,"$483,000",3.0,2.0,1710,,1.5,4.0,1916.0,0
1141,2024-05-20,Bellevue,"$710,000",4.0,3.5,2490,9640.0,1.5,3.0,,0
1466,2024-04-08,Redmond,"$169,000",1.0,1.0,990,5790.0,1.0,3.0,1907.0,0
3390,2024-04-14,Seattle,"$351,000",1.0,,1510,12330.0,2.5,3.0,1966.0,0
1300,2024-06-10,Redmond,"$385,000",2.0,2.5,1300,14120.0,1.5,2.0,2003.0,0
1398,2024-05-31,Seattle,"$487,000",4.0,2.5,1910,11110.0,2.0,3.0,1945.0,0
3282,2024-04-09,seattle,"$509,000",2.0,1.0,2290,2920.0,1.0,3.0,,0
2906,2024-02-14,Bellevue,"$838,000",4.0,3.0,2890,6170.0,2.0,4.0,1905.0,0
2700,2024-04-11,Kirkland,"$360,000",2.0,1.5,1390,7390.0,1.0,3.0,1928.0,0
2034,2024-04-10,Renton ,"$466,000",3.0,2.5,1340,12250.0,1.0,4.0,1920.0,1
3096,2024-02-28,Seattle,"$630,000",4.0,3.5,2540,3730.0,2.0,,2009.0,0
3424,2024-06-01,Seattle,"$384,000",,1.5,970,9320.0,1.5,3.0,1958.0,1
2103,2024-03-15,,"$509,000",2.0,1.0,2010,30870.0,2.0,4.0,1983.0,0
2049,2024-04-26,Renton,"$549,000",2.0,2.5,1740,5970.0,2.0,5.0,1936.0,1
3963,2024-05-04,seattle,"$467,000",3.0,2.0,1760,17490.0,1.0,5.0,1968.0,0
1847,2024-01-03,Bellevue,"$304,000",,1.0,980,14300.0,1.0,3.0,2021.0,0
1252,2024-05-19,Renton,"$493,000",4.0,2.5,2420,,1.0,3.0,2006.0,0
3807,2024-03-27,Seattle,"$677,000",4.0,3.0,2830,2010.0,2.0,3.0,1961.0,0
3089,2024-05-02,Kirkland,"$759,000",3.0,2.5,2790,9800.0,2.0,5.0,1983.0,0
1807,2024-02-29,Redmond,"$350,000",2.0,2.0,1610,5890.0,2.0,4.0,,0
3403,2024-06-02,Kirkland,"$329,000",2.0,1.0,1310,5070.0,2.0,5.0,1923.0,0
1716,2024-03-10,Seattle,"$713,000",,2.0,3070,4810.0,2.0,3.0,1974.0,0
3558,2024-04-06,Seattle,"$392,000",3.0,2.5,1740,3050.0,1.5,3.0,1902.0,0
2128,2024-05-28,Redmond ,"$578,000",4.0,3.0,2070,4350.0,2.5,2.0,1961.0,0
1988,2024-02-03,Seattle,"$682,000",4.0,4.0,2130,4940.0,2.0,2.0,1940.0,1
3535,2024-04-10,Renton,"$699,000",4.0,2.0,3190,20560.0,1.0,3.0,,0
1196,2024-02-11,Seattle,"$338,000",3.0,2.5,1470,7520.0,3.0,4.0,1962.0,0
3516,2024-04-17, Kirkland,"$784,000",3.0,1.5,2990,17100.0,1.0,3.0,1916.0,0
2045,2024-04-27,Seattle,"$609,000",3.0,2.0,1740,5930.0,1.0,3.0,1980.0,1
1280,2024-04-05,Renton,"$533,000",4.0,3.5,2430,4050.0,2.0,3.0,2007.0,0
1097,2024-01-11,Bellevue,"$657,000",1.0,1.5,2090,5340.0,1.0,3.0,1921.0,0
1442,2024-01-07,Seattle,"$516,000",2.0,2.0,1900,4200.0,2.0,3.0,1953.0,0
2214,2024-05-21,Bellevue,"$649,000",4.0,3.0,1960,3790.0,2.0,3.0,1956.0,0
2043,2024-01-02,Redmond,"$502,000",2.0,1.5,2110,14960.0,3.0,4.0,1925.0,0
3370,2024-05-13,Bellevue,"$896,000",4.0,3.0,2690,11790.0,1.0,4.0,1986.0,0
3336,2024-06-26,Redmond,"$629,000",3.0,1.0,2460,10410.0,2.5,5.0,1919.0,0
1331,2024-02-03,Kirkland ,"$885,000",4.0,2.0,3340,6640.0,2.0,4.0,1919.0,0
2426,2024-06-06,Bellevue,"$430,000",1.0,1.5,1620,8200.0,1.5,3.0,1998.0,0
1862,2024-05-22,Kirkland,"$272,000",2.0,1.5,1130,9520.0,2.0,3.0,1904.0,0
1746,2024-06-01,Bellevue,"$461,000",3.0,1.5,1490,,1.5,3.0,1910.0,0
3692,2024-03-27,Bellevue,"$561,000",2.0,2.0,1600,7840.0,2.0,4.0,1938.0,0
2112,2024-05-24,Bellevue,"$460,000",2.0,1.5,1360,4460.0,2.0,3.0,2007.0,0
3560,2024-03-06,Seattle,"$429,000",3.0,2.5,1770,8880.0,2.0,3.0,1965.0,0
3908,2024-01-23,Seattle,"$403,000",1.0,1.0,1550,7330.0,1.0,2.0,1951.0,0
2417,2024-06-24,Bellevue,"$667,000",4.0,3.0,2280,2020.0,1.0,3.0,2020.0,0
2923,2024-05-19,Bellevue,"$877,000",4.0,,2900,,2.5,3.0,1921.0,0
3623,2024-04-06,Seattle,"$442,000",2.0,1.0,"2,010 sqft",7620.0,2.0,3.0,1977.0,0
2708,2024-06-05,Bellevue,"$1,010,000",4.0,3.0,3240,4870.0,2.0,3.0,,0
3133,2024-02-22,Renton,"$434,000",3.0,2.5,2150,14970.0,1.0,3.0,,0
1595,2024-03-30,Seattle,"$359,000",2.0,1.5,1200,8550.0,1.0,4.0,2050.0,0
2245,2024-04-05,Bellevue,"$647,000",3.0,,2140,9100.0,1.0,4.0,2020.0,0
3743,2024-03-16,SEATTLE,"$396,000",,1.5,1590,2680.0,2.0,3.0,1983.0,0
3824,2024-06-03,Renton,"$236,000",2.0,2.0,1410,5620.0,1.5,2.0,1957.0,0
1550,2024-04-10,Bellevue,"$834,000",4.0,3.0,"2,670 sqft",11710.0,2.5,3.0,1955.0,0
1557,2024-02-09,Seattle,"$370,000",2.0,1.0,1750,7030.0,1.5,5.0,1932.0,0
1283,2024-02-26,Seattle,"$511,000",3.0,3.5,2240,5500.0,1.0,2.0,1914.0,0
1542,2024-03-31,Redmond,"$368,000",1.0,1.0,1200,8760.0,1.0,5.0,1959.0,0
2748,2024-02-27,Bellevue,"$1,052,000",5.0,3.5,3340,15060.0,1.0,2.0,1972.0,0
1265,2024-04-28,Renton,"$396,000",3.0,3.0,1770,5660.0,1.0,4.0,1925.0,0
2299,2024-01-25,Kirkland,"$642,000",4.0,3.0,2430,9240.0,2.0,2.0,2004.0,0
2976,2024-06-17,Seattle,"$280,000",1.0,1.0,1590,23000.0,2.5,3.0,1945.0,0
2397,2024-02-13,Bellevue,"$309,000",2.0,1.5,1020,3900.0,1.0,4.0,1936.0,0
2065,2024-05-07,Seattle,"$400,000",2.0,1.5,1740,6480.0,1.0,4.0,1930.0,0
1301,2024-06-04,Kirkland,"$907,000",5.0,2.5,2580,4200.0,1.0,4.0,1981.0,1
2788,2024-06-21,Redmond,"$169,000",1.0,1.5,730,5330.0,1.0,1.0,2001.0,0
1554,2024-03-22,Renton,"$495,000",3.0,2.0,2460,12820.0,3.0,4.0,2023.0,0
1468,2024-06-24,Renton,"$409,000",4.0,2.5,2190,15430.0,1.0,3.0,1904.0,0
1345,2024-03-16,Kirkland,"$231,000",2.0,1.0,910,4210.0,2.0,4.0,1953.0,0
3034,2024-04-02,Bellevue,"$496,000",2.0,1.5,1650,3930.0,1.0,2.0,1995.0,0
2236,2024-05-30,Seattle,"$448,000",2.0,1.5,"1,840 sqft",6890.0,1.5,4.0,2014.0,0
3196,2024-05-27,Kirkland,"$602,000",4.0,3.0,2080,10430.0,3.0,2.0,1978.0,0
3165,2024-03-01,renton,"$937,000",6.0,4.5,4270,16060.0,3.0,4.0,,0
2766,2024-03-13,Seattle,"$920,000",4.0,3.5,2770,8710.0,1.0,5.0,1928.0,1
2832,2024-01-17,Renton,"$593,000",5.0,4.0,2900,11700.0,1.0,2.0,1978.0,0
2940,2024-01-02,Seattle,"$333,000",2.0,1.5,1180,4790.0,1.0,2.0,2013.0,0
2328,2024-06-21,Redmond,"$485,000",3.0,1.5,2110,3720.0,1.0,3.0,1922.0,0
3594,2024-01-07,Seattle,"$645,000",3.0,3.0,2230,14660.0,1.5,1.0,1951.0,0
1440,2024-04-16,Redmond,"$367,000",1.0,1.0,1130,10100.0,1.0,5.0,1980.0,0
1022,2024-06-24,Bellevue,"$216,000",1.0,1.5,900,10300.0,1.0,3.0,1941.0,0
2333,2024-03-29,Bellevue,"$583,000",3.0,2.0,1610,3690.0,1.0,3.0,2006.0,0
2869,2024-01-02,Bellevue,"$687,000",4.0,2.5,2300,7300.0,1.0,3.0,1974.0,0
2429,2024-03-08,Kirkland,"$604,000",3.0,2.0,2140,2640.0,1.0,4.0,2017.0,0
3741,2024-02-20,SEATTLE,"$396,000",3.0,3.0,1710,18270.0,1.0,3.0,1997.0,0
3200,2024-04-05,Redmond,"$539,000",2.0,1.5,1910,,2.0,4.0,1994.0,0
3208,2024-06-12, Bellevue,Not disclosed,3.0,2.0,1780,11660.0,1.0,3.0,1958.0,0
2442,2024-06-23,Seattle,"$675,000",4.0,4.0,2580,15370.0,2.5,3.0,1945.0,0
1488,2024-02-26,SEATTLE,"$516,000",3.0,2.0,1910,2040.0,1.0,5.0,1966.0,0
1230,2024-05-25,Seattle,"$565,000",3.0,3.0,2310,5170.0,1.0,2.0,2022.0,0
3997,2024-02-27,Redmond,"$509,000",2.0,1.0,2020,5450.0,1.0,3.0,1945.0,0
2981,2024-03-08,Renton,"$284,000",1.0,1.5,"1,300 sqft",34700.0,2.0,4.0,1993.0,0
1287,2024-04-10,Seattle,"$674,000",3.0,2.0,2700,3880.0,1.5,3.0,1972.0,0
3212,2024-02-04,Bellevue,"$275,000",1.0,1.0,1060,7910.0,1.0,5.0,2001.0,0
3656,2024-06-24,Renton,"$318,000",3.0,3.0,1780,6560.0,2.5,3.0,1938.0,0
1811,2024-01-27,Seattle,"$545,000",4.0,3.0,2370,4260.0,1.0,4.0,2012.0,0
3268,2024-05-19,Bellevue,"$600,000",3.0,2.0,2080,4590.0,2.0,4.0,1951.0,0
1432,2024-05-28,Kirkland,"$592,000",3.0,1.5,2250,,3.0,4.0,2017.0,0
2754,2024-03-08, Kirkland,"$380,000",,1.0,1210,8510.0,1.5,5.0,1990.0,0
3181,2024-02-15,Kirkland,"$629,000",3.0,2.0,2510,5170.0,1.5,5.0,1974.0,0
3977,2024-06-10,Redmond,"$837,000",3.0,2.0,3070,12990.0,2.5,5.0,1985.0,0
1621,2024-04-27,Kirkland,"$304,000",1.0,1.0,1050,24790.0,2.0,5.0,1989.0,0
2490,2024-03-20,Bellevue,"$314,000",2.0,1.0,1160,15460.0,2.0,3.0,2001.0,0
1937,2024-03-24,Renton,"$465,000",4.0,2.5,2310,2980.0,2.0,4.0,1906.0,0
3209,2024-03-30,Seattle,"$198,000",2.0,1.5,700,9250.0,2.0,4.0,1939.0,0
3186,2024-01-02,Seattle,"$455,000",1.0,1.0,1480,5170.0,2.0,3.0,1971.0,0
3163,2024-06-19,Bellevue,"$534,000",2.0,2.0,1740,,2.0,5.0,,0
1131,2024-06-29,SEATTLE,"$448,000",3.0,3.0,2020,7090.0,1.0,3.0,1921.0,0
2588,2024-05-18,Redmond,"$303,000",1.0,1.0,1310,6640.0,1.0,3.0,1913.0,0
1956,2024-05-14,Renton,"$375,000",2.0,1.0,1730,17150.0,2.0,3.0,1996.0,0
1914,2024-03-08,Renton,"$386,000",2.0,2.5,1840,8080.0,2.0,3.0,1931.0,0
1860,2024-05-10,Bellevue,"$464,000",3.0,1.5,1670,9730.0,1.0,3.0,1976.0,0
3902,2024-06-15,Renton,Not disclosed,2.0,1.5,1790,19030.0,2.5,4.0,1944.0,0
2314,2024-02-22,Seattle,"$486,000",2.0,1.5,2050,8400.0,2.0,4.0,1928.0,0
1128,2024-04-10,Seattle,"$754,000",4.0,3.5,2870,10210.0,2.0,3.0,2022.0,0
1285,2024-04-16,Redmond,"$745,000",4.0,3.5,2900,7120.0,1.5,3.0,1996.0,0
3147,2024-06-22,Seattle,"$451,000",4.0,3.5,1500,2810.0,2.5,2.0,1984.0,0
1979,2024-03-18,Bellevue,"$1,292,000",6.0,4.0,4440,6320.0,2.0,3.0,1974.0,0
1624,2024-06-12,Bellevue,"$554,000",3.0,2.0,1770,5850.0,1.0,3.0,1958.0,0
1689,2024-03-06,Kirkland,"$433,000",1.0,1.0,1530,4590.0,1.5,3.0,1973.0,0
2826,2024-01-21,Seattle,"$327,000",2.0,1.0,1350,,1.0,4.0,1930.0,0
1548,2024-02-01,Seattle,"$520,000",2.0,1.5,1600,9550.0,1.5,4.0,1910.0,1
1996,2024-06-11,Bellevue,"$495,000",1.0,1.0,1150,14970.0,2.0,5.0,1919.0,1
2746,2024-04-29,Redmond,"$291,000",2.0,2.0,1370,7790.0,1.0,4.0,1921.0,0
3101,2024-01-25,Kirkland,"$551,000",3.0,3.5,1870,3930.0,1.0,3.0,1991.0,0
1611,2024-04-09,Redmond,"$682,000",,2.5,2190,1500.0,2.0,3.0,1940.0,0
1459,2024-06-13,Kirkland,"$293,000",1.0,2.5,"1,040 sqft",11260.0,1.0,3.0,1954.0,0
3259,2024-06-25,Seattle,"$570,000",4.0,2.5,2270,15580.0,2.0,4.0,1937.0,0
1463,2024-03-01,,"$395,000",3.0,2.5,2350,,1.5,4.0,1921.0,0
1793,2024-02-24,Seattle,"$697,000",3.0,1.5,3090,22500.0,1.5,2.0,1978.0,0
1505,2024-05-21,Bellevue ,"$614,000",4.0,2.5,1970,5230.0,2.0,4.0,2019.0,0
1309,2024-04-10,Seattle,"$389,000",,2.0,1410,16620.0,2.0,3.0,1996.0,0
3966,2024-05-20,Bellevue,"$733,000",3.0,,2210,3980.0,3.0,5.0,1989.0,0
1364,2024-02-02,Seattle,"$569,000",2.0,1.5,2220,4770.0,1.0,3.0,1971.0,0
1580,2024-04-26,Seattle,"$336,000",2.0,2.5,1530,4360.0,2.0,4.0,1942.0,0
1106,2024-02-14,,"$362,000",1.0,1.0,1420,2160.0,2.0,4.0,1914.0,0
3321,2024-01-05,Seattle,"$685,000",5.0,4.0,3190,3740.0,1.5,2.0,1905.0,0
2133,2024-04-15,Seattle,"$548,000",3.0,2.5,2200,6340.0,1.5,3.0,1996.0,0
1508,2024-02-13,Kirkland,"$1,058,000",6.0,4.0,3800,3150.0,3.0,2.0,,0
2012,2024-05-15,Redmond,"$726,000",,3.0,2930,4930.0,2.0,3.0,1906.0,0
2514,2024-03-03,Kirkland,"$568,000",3.0,2.0,"2,210 sqft",8300.0,2.0,5.0,1947.0,0
1947,2024-01-31,Kirkland,"$558,000",3.0,3.0,2110,8250.0,1.5,3.0,1921.0,0
2226,2024-05-26,Renton,"$510,000",4.0,3.0,2750,7710.0,1.0,4.0,1933.0,0
3015,2024-03-13,Bellevue,"$613,000",,2.5,2150,3100.0,1.0,3.0,1981.0,0
2391,2024-06-19,Renton,"$389,000",3.0,3.0,1980,13650.0,1.0,4.0,1907.0,0
3904,2024-05-24,Renton,"$545,000",4.0,2.0,2630,5730.0,1.0,2.0,2008.0,0
3938,2024-01-29,Seattle,"$469,000",4.0,3.0,2020,,1.5,3.0,1963.0,0
3731,2024-02-26,Seattle,"$483,000",,3.5,2100,4150.0,1.5,4.0,1962.0,0
3767,2024-06-23,Bellevue,"$336,000",1.0,1.0,1000,11770.0,1.0,4.0,1913.0,0
1189,2024-03-07,Kirkland,"$537,000",4.0,2.0,2030,8350.0,1.0,3.0,1974.0,0
3867,2024-01-12,Bellevue,"$559,000",3.0,2.5,2190,3850.0,2.5,3.0,1971.0,0
3580,2024-06-11,RENTON,"$306,000",1.0,1.0,1110,5180.0,1.5,3.0,1923.0,0
2821,2024-04-17,Renton,"$281,000",2.0,1.0,1150,15510.0,1.0,3.0,2011.0,0
3922,2024-01-31,SEATTLE,"$402,000",3.0,2.0,1420,7290.0,1.0,3.0,2001.0,0
3878,2024-06-24,Bellevue,"$1,099,000",5.0,5.0,3690,9910.0,2.0,3.0,2014.0,0
2780,2024-03-30,Bellevue,"$892,000",5.0,4.0,2800,8790.0,1.0,3.0,2012.0,0
2309,2024-02-17,Seattle,"$341,000",1.0,1.0,1410,3320.0,1.0,3.0,2012.0,0
3371,2024-06-03,Bellevue,"$867,000",4.0,1.5,2880,2500.0,2.0,5.0,,0
3827,2024-05-15,Bellevue,"$189,000",1.0,1.5,580,8750.0,1.0,3.0,2007.0,0
3354,2024-05-09, Bellevue,"$412,000",1.0,1.5,1370,25070.0,1.0,4.0,1979.0,0
2654,2024-03-30,Seattle,"$538,000",4.0,2.5,2270,5150.0,1.0,4.0,1952.0,0
1863,2024-02-12,Kirkland,"$533,000",4.0,3.0,1790,8990.0,1.0,4.0,1977.0,0
2174,2024-04-22,Kirkland,"$302,000",1.0,1.0,820,8200.0,1.0,3.0,1960.0,0
2610,2024-01-04,Bellevue,"$332,000",1.0,1.0,990,2750.0,1.5,4.0,1959.0,0
3088,2024-05-20,Seattle,"$372,000",3.0,3.0,1450,9120.0,1.0,4.0,1986.0,0
2116,2024-01-31,Seattle,"$465,000",3.0,2.0,1790,6860.0,2.0,4.0,1926.0,0
1354,2024-05-20,REDMOND,"$329,000",3.0,2.5,1180,4740.0,2.0,3.0,1931.0,0
2035,2024-04-15,Bellevue,"$331,000",1.0,1.0,1320,10180.0,1.5,4.0,1910.0,0
3112,2024-04-12,Bellevue,"$326,000",1.0,1.0,900,5320.0,2.0,5.0,2008.0,0
1732,2024-06-30,Seattle,"$575,000",2.0,1.5,1790,6170.0,1.0,3.0,1954.0,1
1703,2024-04-14,Seattle,"$236,000",2.0,1.5,1210,5650.0,1.5,1.0,1904.0,0
3931,2024-04-24,Redmond,"$631,000",2.0,2.0,2250,7090.0,2.0,3.0,2007.0,0
3986,2024-03-13,Seattle,"$519,000",3.0,2.0,2230,3340.0,1.0,3.0,1926.0,0
3575,2024-05-05,Bellevue,"$266,000",1.0,1.5,1240,5810.0,1.5,3.0,1934.0,0
1161,2024-03-29,Seattle,"$375,000",2.0,1.0,1440,5540.0,2.0,3.0,1925.0,0
3545,2024-04-03,Bellevue,"$675,000",5.0,3.5,2370,6020.0,1.5,3.0,,0
2264,2024-06-15,Renton,Not disclosed,3.0,2.5,2100,2700.0,1.0,4.0,1918.0,0
3228,2024-03-13,Seattle ,"$367,000",2.0,1.5,1870,6440.0,1.0,3.0,1913.0,0
3541,2024-05-14,Bellevue,"$448,000",3.0,2.0,1660,9020.0,2.5,4.0,1942.0,0
2138,2024-06-12,Bellevue ,"$570,000",3.0,2.5,1760,5520.0,2.0,3.0,1924.0,0
2199,2024-03-05,Seattle,"$408,000",2.0,1.5,1450,10610.0,1.5,5.0,1946.0,0
2938,2024-04-24,Redmond,"$269,000",,2.0,1250,5600.0,2.0,4.0,1926.0,0
1163,2024-02-03,Seattle ,"$543,000",3.0,1.5,1280,16890.0,1.0,4.0,1960.0,1
2962,2024-04-27,Bellevue,"$464,000",3.0,2.5,1410,15720.0,1.0,4.0,1993.0,0
2497,2024-04-03,Renton,"$273,000",2.0,2.5,1130,10720.0,1.0,4.0,2008.0,0
2930,2024-01-23, Bellevue,"$693,000",3.0,2.0,2400,6860.0,1.0,4.0,1920.0,0
1186,2024-05-26,Redmond,"$432,000",2.0,1.5,1420,11310.0,1.0,5.0,2008.0,0
1460,2024-05-31,Redmond,"$344,000",2.0,,1440,4610.0,1.0,3.0,1942.0,0
2743,2024-06-21,Seattle,"$680,000",3.0,1.5,3020,18420.0,1.0,3.0,1916.0,0
2854,2024-06-05,Kirkland,"$332,000",2.0,1.5,1200,4670.0,2.0,4.0,2006.0,0
2008,2024-06-10,Seattle,"$489,000",2.0,2.0,1980,7590.0,3.0,4.0,1942.0,0
2943,2024-04-09,Bellevue,"$550,000",3.0,2.0,1630,5060.0,1.0,,1981.0,0
3102,2024-06-15,Seattle,"$580,000",4.0,2.5,2710,10150.0,1.0,4.0,1983.0,0
3271,2024-02-02,Redmond,"$351,000",1.0,1.0,1250,4800.0,2.0,3.0,2013.0,0
2449,2024-03-16,Redmond,"$565,000",2.0,1.5,2120,1970.0,2.0,3.0,1951.0,0
3025,2024-03-28,Bellevue,"$277,000",2.0,1.5,900,4370.0,1.0,2.0,2006.0,0
1369,2024-02-08,Seattle,"$979,000",5.0,3.0,3910,27320.0,1.0,5.0,2002.0,0
2169,2024-05-09,Kirkland,"$550,000",2.0,1.0,2020,2040.0,1.5,3.0,1929.0,0
3364,2024-03-31,Renton,"$267,000",2.0,1.5,1470,5340.0,2.0,3.0,1973.0,0
1494,2024-04-23,Seattle,"$561,000",4.0,2.5,2170,3880.0,2.5,3.0,2020.0,0
1232,2024-06-20,Bellevue,"$514,000",3.0,3.0,1520,3780.0,1.0,4.0,1972.0,0
3786,2024-03-10,Redmond,"$719,000",5.0,2.5,2730,13600.0,2.0,5.0,1923.0,0
1334,2024-04-28,Renton,"$188,000",1.0,1.0,730,6170.0,1.0,5.0,2013.0,0
3338,2024-01-21,Bellevue,"$746,000",4.0,3.0,2580,13860.0,2.0,3.0,1987.0,0
1789,2024-01-20,Kirkland,"$646,000",4.0,2.5,2430,3730.0,2.5,3.0,1950.0,0
2583,2024-03-21,Bellevue,"$798,000",4.0,2.0,2650,1910.0,1.0,3.0,1956.0,0
3769,2024-05-15,Kirkland,"$682,000",3.0,3.0,2840,10200.0,1.5,2.0,1901.0,0
3326,2024-04-07, Renton,"$281,000",2.0,1.5,1130,19400.0,2.0,3.0,1916.0,0
1381,2024-04-13,Redmond,"$510,000",3.0,2.0,1990,4900.0,2.5,2.0,1968.0,0
3075,2024-02-10,BELLEVUE,"$653,000",3.0,2.0,2210,11600.0,2.5,4.0,2012.0,0
3527,2024-03-02,Renton ,"$606,000",4.0,2.5,2600,7910.0,1.5,3.0,1911.0,0
2390,2024-06-03,Seattle,"$260,000",3.0,2.5,1130,8370.0,1.5,3.0,1960.0,0
2970,2024-01-18,Bellevue,"$577,000",4.0,2.5,1920,11320.0,2.0,3.0,1913.0,0
3005,2024-03-01,Seattle,"$304,000",2.0,1.5,1060,16870.0,2.0,2.0,2016.0,0
3660,2024-02-29,Seattle,"$579,000",4.0,3.0,2640,7870.0,2.0,4.0,,0
3717,2024-04-22,Bellevue,"$558,000",3.0,2.0,1930,8490.0,1.0,3.0,1989.0,0
3397,2024-04-06,Seattle,"$525,000",4.0,2.5,2310,6840.0,1.0,3.0,1935.0,0
3491,2024-02-16,Renton,"$414,000",4.0,2.0,1870,7150.0,2.5,4.0,1964.0,0
2418,2024-01-17,Bellevue,"$552,000",3.0,2.0,1770,12990.0,1.0,3.0,1926.0,0
2282,2024-01-26,Bellevue,"$513,000",2.0,2.0,1820,18910.0,3.0,3.0,2021.0,0
2584,2024-05-13,Seattle,"$649,000",4.0,3.0,2520,9650.0,2.0,3.0,2020.0,0
1208,2024-04-06,Redmond,"$536,000",4.0,3.0,1780,,1.0,3.0,1958.0,0
3145,2024-01-24,Seattle,"$535,000",4.0,3.0,1950,3140.0,1.0,4.0,1980.0,0
3950,2024-02-27,Renton,"$319,000",2.0,2.5,1870,11990.0,1.0,3.0,1923.0,0
2319,2024-06-10,Kirkland,"$448,000",2.0,1.5,1630,3700.0,1.0,1.0,1907.0,0
1882,2024-05-12,Redmond,"$710,000",4.0,3.0,2840,9330.0,2.0,4.0,1964.0,0
1144,2024-05-06,Redmond,"$514,000",4.0,2.5,1890,17050.0,1.0,3.0,1919.0,0
1250,2024-03-17,Bellevue,"$440,000",,1.5,1480,10470.0,2.0,4.0,1990.0,0
2883,2024-01-10,Bellevue,"$180,000",1.0,1.0,830,4220.0,1.0,4.0,2020.0,0
2917,2024-03-11,Redmond,"$513,000",3.0,3.0,1920,11270.0,1.0,3.0,,0
2978,2024-03-13,Renton,"$250,000",2.0,1.5,1450,10150.0,1.0,2.0,1936.0,0
3871,2024-01-22,Redmond,"$836,000",4.0,,2810,,1.0,3.0,2017.0,0
3161,2024-01-09,Bellevue,"$557,000",3.0,1.5,1900,7350.0,1.0,4.0,1952.0,0
3082,2024-03-25,Seattle,"$533,000",,2.5,2150,8450.0,2.0,2.0,1989.0,0
2472,2024-03-25,Seattle,"$405,000",5.0,3.5,1850,6280.0,1.5,3.0,1940.0,0
3550,2024-04-12,Seattle,"$387,000",3.0,2.5,1910,4690.0,1.0,3.0,1907.0,0
3406,2024-02-06,Seattle,"$497,000",2.0,1.5,2120,8270.0,1.5,3.0,1991.0,0
1679,2024-02-10,Seattle,"$288,000",1.0,1.5,1450,4790.0,1.0,4.0,1965.0,0
2445,2024-02-14,Seattle,"$414,000",1.0,1.0,1810,13890.0,1.0,2.0,1921.0,0
2129,2024-03-02,Redmond ,"$712,000",3.0,2.0,2760,11040.0,1.0,4.0,1903.0,0
3014,2024-04-20,Bellevue,"$940,000",5.0,3.5,3090,6000.0,3.0,3.0,1979.0,0
2338,2024-04-09,Redmond,"$292,000",2.0,1.5,1220,8630.0,2.0,3.0,2001.0,0
3704,2024-03-19,Kirkland,"$585,000",3.0,2.0,2220,4110.0,1.0,4.0,1941.0,0
2454,2024-06-21,Renton,"$340,000",3.0,1.5,1720,5120.0,2.0,3.0,2007.0,0
3836,2024-04-07,Redmond,"$467,000",2.0,1.5,1830,4600.0,1.5,5.0,1961.0,0
1766,2024-03-12,Seattle,"$305,000",2.0,,1310,2360.0,1.5,5.0,2016.0,0
1103,2024-05-31,Seattle,"$525,000",3.0,3.0,2250,19030.0,1.0,3.0,1931.0,0
1147,2024-01-11,Seattle,"$716,000",3.0,2.0,2740,19430.0,2.0,4.0,2010.0,0
2134,2024-03-30,Kirkland,"$402,000",3.0,2.0,1420,22530.0,1.0,3.0,1943.0,0
3058,2024-03-02,Bellevue,"$355,000",2.0,2.0,1100,10740.0,1.0,3.0,1967.0,0
1395,2024-06-21,Seattle,"$523,000",2.0,2.0,1940,23320.0,2.5,3.0,1957.0,0
3049,2024-03-23,Seattle,"$424,000",3.0,2.0,2040,15800.0,2.0,2.0,1913.0,0
3862,2024-01-22,Bellevue,"$383,000",2.0,1.0,"1,340 sqft",6760.0,2.0,4.0,1932.0,0
2222,2024-04-25,SEATTLE,"$453,000",3.0,2.5,1500,11880.0,1.0,4.0,1961.0,0
2565,2024-04-14,Kirkland,"$216,000",1.0,1.0,890,5860.0,2.5,3.0,1984.0,0
2831,2024-06-18,Bellevue,"$987,000",5.0,3.0,3330,18010.0,2.0,1.0,1969.0,0
1322,2024-04-29,Bellevue,"$479,000",3.0,2.0,1670,4340.0,2.0,3.0,1995.0,0
1112,2024-01-09,Seattle,"$512,000",3.0,2.5,2040,,2.0,,2000.0,0
1589,2024-06-18,Seattle,"$508,000",3.0,2.0,"1,930 sqft",19200.0,2.0,,2010.0,0
2477,2024-06-29,Bellevue,"$317,000",2.0,2.0,1050,12010.0,1.0,3.0,1966.0,0
3993,2024-05-20,Seattle,"$440,000",2.0,3.0,1360,18660.0,2.0,4.0,2000.0,0
3135,2024-02-09,Bellevue,"$801,000",3.0,2.0,2600,5880.0,1.0,5.0,1971.0,0
1137,2024-04-08,renton,"$390,000",1.0,1.0,1410,26540.0,2.0,3.0,2013.0,0
2455,2024-05-11,Seattle,"$587,000",3.0,2.5,2350,18060.0,2.0,4.0,1916.0,0
1654,2024-01-07,Seattle,"$446,000",2.0,2.0,1330,5070.0,1.0,3.0,1996.0,0
2927,2024-01-14,BELLEVUE,"$517,000",3.0,,1760,13570.0,2.0,4.0,1967.0,0
3504,2024-06-17,Kirkland,"$401,000",3.0,2.5,1550,14120.0,2.0,3.0,2017.0,0
2048,2024-03-05,Kirkland,"$593,000",4.0,2.5,2130,8270.0,2.0,3.0,1956.0,0
3158,2024-01-19,Seattle,"$586,000",4.0,2.5,2110,17500.0,1.0,3.0,2018.0,0
1931,2024-05-28,Seattle,"$849,000",5.0,4.0,3380,2890.0,2.0,4.0,1957.0,0
1221,2024-03-13,Seattle,"$423,000",2.0,2.0,1810,5480.0,1.5,3.0,1916.0,0
1928,2024-02-08,Renton,"$300,000",2.0,2.0,1240,4650.0,1.5,5.0,1970.0,0
3066,2024-05-18,Renton,"$348,000",3.0,2.0,1930,6850.0,1.5,3.0,1927.0,0
3400,2024-02-17,Redmond,"$585,000",5.0,4.0,2110,7030.0,1.5,4.0,1993.0,0
3262,2024-02-11,RENTON,"$670,000",5.0,3.5,3120,11010.0,1.5,3.0,1940.0,0
3763,2024-01-31,Seattle,"$1,071,000",6.0,3.5,4110,4550.0,2.5,3.0,1970.0,0
1534,2024-06-09,Redmond,"$797,000",5.0,3.5,3060,4920.0,2.0,3.0,1994.0,0
3001,2024-04-28,Kirkland,"$565,000",3.0,,2290,10940.0,1.0,3.0,1969.0,0
1607,2024-06-11,Renton,"$346,000",2.0,2.0,1430,7190.0,1.0,5.0,2013.0,0
1075,2024-03-03,Seattle,"$652,000",3.0,2.0,2750,13080.0,1.0,3.0,1940.0,0
2611,2024-06-29,Seattle,"$253,000",2.0,2.0,1360,10870.0,1.0,2.0,1947.0,0
3150,2024-04-15,Seattle,"$474,000",4.0,2.5,1970,10110.0,2.5,4.0,1949.0,0
2323,2024-05-06,Seattle,"$737,000",4.0,3.0,2680,3900.0,1.0,3.0,1956.0,0
2894,2024-04-04,Seattle,"$474,000",0.0,,1620,4380.0,2.5,4.0,,0
1114,2024-02-20,Redmond,"$677,000",4.0,3.5,2250,,1.0,3.0,1989.0,0
1987,2024-05-17,Seattle,"$527,000",2.0,2.5,2180,4460.0,1.0,3.0,1954.0,0
3997,2024-02-27,Redmond,"$509,000",2.0,1.0,2020,5450.0,1.0,3.0,1945.0,0
2479,2024-04-30,Bellevue,"$514,000",2.0,2.0,1810,6300.0,1.5,2.0,1953.0,0
1223,2024-03-13,Redmond,"$391,000",4.0,3.0,1450,15730.0,1.5,4.0,1954.0,0
1519,2024-06-07,Seattle,"$712,000",4.0,3.0,2430,4510.0,1.0,,2003.0,0
2349,2024-06-18,Bellevue,"$239,000",1.0,1.0,780,3110.0,1.0,3.0,1929.0,0
2120,2024-04-19,Renton ,"$333,000",3.0,1.5,2190,3800.0,1.0,2.0,1917.0,0
1036,2024-03-24,SEATTLE,"$982,000",6.0,4.5,3870,7420.0,3.0,4.0,1923.0,0
1831,2024-03-04,Redmond,"$676,000",4.0,3.5,2340,7310.0,2.0,4.0,1934.0,0
2872,2024-02-13,Bellevue,"$530,000",1.0,1.0,1620,11180.0,2.0,4.0,1976.0,0
3144,2024-05-16,Kirkland,"$618,000",3.0,3.5,2200,4170.0,1.0,3.0,2004.0,0
1348,2024-03-06,Seattle,"$822,000",5.0,3.0,3500,6420.0,1.0,3.0,1911.0,0
1168,2024-05-01,Kirkland,"$302,000",2.0,2.5,1330,7260.0,2.0,3.0,1921.0,0
3624,2024-01-07,Renton ,"$446,000",,3.0,2070,,2.0,3.0,,0
1117,2024-06-14,Kirkland,"$790,000",4.0,2.5,3130,8020.0,1.5,4.0,1925.0,0
1531,2024-06-05,REDMOND,"$307,000",2.0,2.5,1170,36700.0,1.0,2.0,1916.0,0
3984,2024-06-27,Redmond,"$573,000",3.0,2.0,1940,5570.0,2.0,3.0,1991.0,0
1321,2024-01-25,Renton,"$566,000",3.0,2.5,2670,9050.0,1.5,3.0,2007.0,0
2029,2024-06-19,Kirkland,"$801,000",6.0,4.0,3040,5540.0,2.0,4.0,1917.0,0
1474,2024-02-01,Seattle,"$519,000",3.0,,2440,7230.0,1.0,3.0,1902.0,0
3126,2024-04-10,Bellevue,"$654,000",4.0,2.0,1950,6870.0,1.0,4.0,1974.0,0
3226,2024-02-08,Seattle,"$319,000",2.0,3.0,1530,12130.0,2.0,3.0,1904.0,0
2762,2024-06-19,Seattle,"$452,000",3.0,2.5,1820,,1.0,4.0,1935.0,0
3629,2024-06-27,Seattle ,"$1,032,000",7.0,5.0,4540,3470.0,1.0,3.0,1951.0,0
3513,2024-03-17,Seattle,"$359,000",3.0,2.5,1480,4680.0,1.5,4.0,1922.0,0
2602,2024-05-14,Seattle,"$429,000",3.0,2.5,1900,5380.0,2.0,3.0,1963.0,0
1228,2024-02-26,Redmond,"$594,000",3.0,2.0,1870,3360.0,2.5,4.0,2018.0,0
2628,2024-06-21,Seattle,"$592,000",4.0,2.5,2380,5200.0,1.5,3.0,1969.0,0
2026,2024-04-05,Seattle,"$340,000",2.0,1.5,1530,,2.0,4.0,1923.0,0
3666,2024-05-02,Kirkland,"$604,000",3.0,3.0,2100,9230.0,2.0,3.0,1947.0,0
2784,2024-01-24,Seattle,"$592,000",5.0,4.0,2580,9430.0,2.0,3.0,1917.0,0
1082,2024-03-25,Bellevue,"$807,000",3.0,3.0,2690,3710.0,1.0,3.0,1975.0,0
2660,2024-01-27,Seattle,"$465,000",3.0,3.0,2070,4580.0,2.0,4.0,1912.0,0
3826,2024-05-10,kirkland,"$535,000",3.0,2.0,2130,14740.0,1.0,3.0,1933.0,0
1669,2024-02-10,seattle,"$1,080,000",6.0,4.5,4430,3090.0,1.5,4.0,1986.0,0
1063,2024-01-17,Redmond,"$345,000",1.0,1.5,1450,8690.0,1.0,2.0,1966.0,0
1850,2024-01-28,Renton,"$240,000",1.0,1.0,1370,32530.0,2.0,5.0,1967.0,0
3635,2024-02-22,Bellevue,"$554,000",2.0,2.0,1240,,1.5,4.0,1997.0,1
3038,2024-06-14,SEATTLE,"$410,000",3.0,2.0,1790,4000.0,2.0,3.0,1977.0,0
3766,2024-04-12,Renton,"$346,000",3.0,2.5,1530,13720.0,3.0,2.0,,0
1516,2024-01-05,Seattle,"$360,000",,1.5,1570,8400.0,1.0,4.0,1941.0,0
2355,2024-03-07,Renton,"$298,000",3.0,2.5,1500,13100.0,1.0,3.0,1961.0,0
1110,2024-01-14,renton,"$234,000",1.0,1.0,1390,8870.0,1.0,3.0,1920.0,0
3120,2024-03-11,Seattle,"$629,000",4.0,,2790,3930.0,2.5,4.0,1934.0,0
3041,2024-03-14,Seattle,"$174,000",2.0,2.5,730,,2.0,4.0,1925.0,0
3740,2024-04-23,Redmond,"$563,000",4.0,4.0,1920,4230.0,1.0,4.0,1937.0,0
3589,2024-03-14,Bellevue,"$694,000",3.0,,2380,3960.0,1.0,3.0,1992.0,0
1046,2024-06-01,Kirkland,"$385,000",2.0,1.0,1540,2510.0,2.0,4.0,1963.0,0
2126,2024-02-16, Redmond,"$675,000",4.0,2.5,2340,6430.0,1.0,5.0,1937.0,0
2089,2024-01-28,Bellevue,"$686,000",4.0,3.0,2160,10310.0,1.0,3.0,2006.0,0
1312,2024-01-21,BELLEVUE,"$766,000",4.0,3.0,2250,6390.0,1.0,3.0,2001.0,0
2855,2024-05-11,Kirkland,"$440,000",3.0,3.0,1910,8620.0,2.0,3.0,,0
1020,2024-04-22,Redmond,"$462,000",1.0,1.0,1710,9400.0,1.0,4.0,1989.0,0
1358,2024-04-20,Kirkland,"$462,000",2.0,1.5,1760,4950.0,2.0,4.0,1973.0,0
1361,2024-06-27,renton,$0,3.0,1.5,2310,7280.0,2.0,3.0,1968.0,0
3795,2024-03-07,Kirkland,"$416,000",2.0,1.5,1570,16950.0,1.0,3.0,1916.0,0
2525,2024-02-04,Kirkland,Not disclosed,2.0,2.0,1730,10370.0,1.0,4.0,1957.0,0
3031,2024-01-15,Seattle,"$544,000",2.0,2.5,1600,10990.0,2.5,3.0,1993.0,1
1393,2024-05-13,Redmond,"$530,000",5.0,4.5,2100,4470.0,2.0,3.0,1922.0,0
2478,2024-02-24,Renton,"$666,000",5.0,,"3,130 sqft",13080.0,1.0,3.0,2005.0,0
3354,2024-05-09, Bellevue,"$412,000",1.0,1.5,1370,25070.0,1.0,4.0,1979.0,0
3670,2024-05-14,Bellevue,"$725,000",3.0,1.5,2370,13540.0,2.0,4.0,,0
1658,2024-04-22,Seattle,"$460,000",,2.0,1870,6050.0,3.0,3.0,,0
2247,2024-06-02,Redmond,"$376,000",,1.0,1440,4020.0,2.0,3.0,1910.0,0
3996,2024-02-26,Bellevue,"$688,000",,2.0,2340,9900.0,1.0,3.0,2014.0,0
3683,2024-01-19,Seattle,Not disclosed,2.0,2.0,1660,5630.0,2.0,3.0,1920.0,0
3809,2024-06-19,Seattle ,"$667,000",4.0,3.5,2830,3830.0,1.0,3.0,1922.0,0
2548,2024-06-01,Kirkland,"$672,000",4.0,3.0,2050,6520.0,2.0,4.0,2001.0,0
2934,2024-05-28,Kirkland,"$355,000",2.0,,1390,11990.0,1.0,3.0,1935.0,0
2422,2024-04-11,Bellevue,"$377,000",2.0,1.5,1330,3090.0,1.0,3.0,1908.0,0
3119,2024-04-12,Seattle,"$472,000",3.0,2.0,2000,5380.0,2.0,4.0,1910.0,0
3899,2024-05-21,Redmond,"$468,000",3.0,1.0,2040,6720.0,1.0,5.0,1933.0,0
1371,2024-05-15,KIRKLAND,"$841,000",3.0,2.5,2670,19210.0,2.0,4.0,2004.0,1
3949,2024-04-08,Renton,"$363,000",2.0,1.0,1670,5840.0,2.0,3.0,1918.0,0
1314,2024-05-22,Bellevue,"$356,000",1.0,1.0,1410,5680.0,1.0,4.0,1944.0,0
3553,2024-01-06,Redmond,"$644,000",4.0,2.0,2510,4200.0,1.0,3.0,2008.0,0
2534,2024-05-20,Kirkland,"$552,000",2.0,2.0,1890,5180.0,2.0,3.0,1985.0,0
1594,2024-01-20,Redmond,"$575,000",4.0,3.0,2170,6340.0,1.5,3.0,2007.0,0
1971,2024-05-29,Seattle,"$395,000",,2.5,1750,2530.0,1.0,2.0,1955.0,0
1203,2024-03-06,Bellevue,"$416,000",2.0,1.5,1280,4560.0,1.0,,1988.0,0
2991,2024-04-07,Seattle,"$337,000",1.0,1.0,1200,,1.5,3.0,2010.0,0
3291,2024-05-10, Renton,"$447,000",4.0,2.0,2180,16920.0,1.0,5.0,1929.0,0
3207,2024-02-28,KIRKLAND,"$610,000",4.0,3.0,2240,4960.0,2.0,4.0,1937.0,0
2651,2024-05-15,Seattle,"$730,000",3.0,3.0,2980,8490.0,1.0,2.0,1969.0,0
2992,2024-02-18,Redmond,"$255,000",1.0,2.0,1160,7070.0,1.0,5.0,,0
1439,2024-04-06,Kirkland,"$322,000",3.0,2.0,1110,4200.0,1.0,3.0,1995.0,0
1327,2024-05-03,Kirkland,"$370,000",2.0,1.5,1690,5870.0,1.0,4.0,1900.0,0
2159,2024-03-11,Bellevue,"$657,000",2.0,1.5,1940,24550.0,1.0,3.0,2013.0,0
3179,2024-03-18,Seattle,"$449,000",3.0,2.5,1750,10460.0,2.5,4.0,1993.0,0
1388,2024-04-29,Renton,"$177,000",1.0,1.5,1080,5900.0,2.0,3.0,1964.0,0
2042,2024-03-28,Redmond,"$393,000",3.0,2.0,1500,2910.0,2.0,2.0,1907.0,0
3260,2024-01-23,Bellevue,"$644,000",3.0,1.5,2130,13240.0,1.0,3.0,1934.0,0
2188,2024-05-22,Renton,"$250,000",3.0,2.0,1520,10040.0,2.0,3.0,1999.0,0
1282,2024-01-21,Seattle,"$572,000",4.0,2.0,2710,4570.0,1.0,2.0,1919.0,0
2616,2024-02-16,Seattle,"$526,000",3.0,2.0,1990,5140.0,2.0,4.0,1939.0,0
1352,2024-03-14,Seattle,"$381,000",2.0,2.5,1470,2060.0,2.0,,1996.0,0
2356,2024-02-02,Seattle,"$477,000",2.0,1.5,1820,9150.0,3.0,5.0,1998.0,0
1043,2024-02-15,,"$667,000",3.0,3.0,2120,4490.0,1.5,3.0,2007.0,0
3453,2024-04-09,Redmond,"$673,000",4.0,2.5,2840,6950.0,1.0,3.0,1932.0,0
1102,2024-02-10,Redmond,"$827,000",4.0,3.5,2790,2100.0,1.0,3.0,2011.0,0
3709,2024-04-07,Seattle,"$366,000",3.0,3.5,990,8940.0,1.0,5.0,1983.0,0
3976,2024-02-05,Kirkland,"$762,000",3.0,2.0,2440,4730.0,1.0,3.0,1958.0,1
1447,2024-04-04,RENTON,"$454,000",2.0,,1720,6380.0,1.5,5.0,1913.0,1
2630,2024-04-07,Bellevue,"$557,000",2.0,1.5,2120,9150.0,2.0,5.0,1971.0,0
2274,2024-04-29,Redmond,"$488,000",4.0,3.0,1910,15510.0,1.0,3.0,1951.0,0
1135,2024-06-06,Redmond,"$840,000",0.0,3.5,2210,5250.0,1.0,5.0,1969.0,1
1575,2024-06-05,Renton ,"$454,000",3.0,2.0,2220,3030.0,1.0,3.0,1975.0,0
1877,2024-02-01,Bellevue,"$601,000",3.0,1.5,2190,4100.0,1.5,3.0,1903.0,0
3894,2024-04-11,Redmond,"$699,000",4.0,3.5,2660,,1.0,4.0,1940.0,0
1857,2024-06-29,Kirkland,"$425,000",2.0,2.0,1600,5290.0,2.0,3.0,1972.0,0
1129,2024-02-24,Seattle,"$500,000",2.0,2.5,2040,3680.0,1.0,4.0,1907.0,0
1748,2024-05-09,Bellevue,"$500,000",3.0,2.0,1520,16490.0,2.0,4.0,1961.0,0
1573,2024-06-28,Bellevue ,"$1,097,000",6.0,,3380,5030.0,2.0,3.0,2017.0,0
3522,2024-02-05,Redmond,"$376,000",2.0,2.5,1470,,1.5,4.0,1953.0,0
3721,2024-01-03,Bellevue,"$736,000",2.0,1.5,2350,4620.0,2.0,4.0,1985.0,0
1876,2024-01-17,Renton,"$589,000",3.0,2.5,1840,12140.0,2.0,3.0,1998.0,1
1104,2024-05-09,Renton,"$401,000",3.0,1.5,2000,6490.0,1.0,4.0,,0
2902,2024-02-09,Seattle,"$307,000",2.0,1.0,1080,26010.0,1.0,3.0,1977.0,0
1411,2024-06-21,Redmond,"$599,000",3.0,2.0,2500,3130.0,1.0,3.0,1915.0,0
3032,2024-05-19,Bellevue,$0,3.0,3.0,1510,9460.0,2.0,3.0,1933.0,0
2179,2024-06-14,SEATTLE,"$566,000",4.0,2.5,2310,12330.0,3.0,3.0,1926.0,0
3219,2024-05-08,Renton,"$388,000",3.0,3.0,1850,1500.0,2.0,3.0,1993.0,0
1605,2024-06-12,Renton,"$326,000",2.0,2.0,1690,8170.0,2.5,2.0,1959.0,0
3898,2024-03-06,seattle,"$249,000",1.0,1.5,1290,14050.0,1.0,3.0,1927.0,0
3782,2024-03-29,Seattle,"$231,000",1.0,1.5,1120,2500000.0,2.0,3.0,1964.0,0
3399,2024-04-16,Seattle,"$460,000",5.0,2.5,2190,11180.0,2.0,4.0,1970.0,0
2434,2024-01-31,Seattle,"$576,000",3.0,2.5,2220,11630.0,2.0,,,0
1385,2024-04-27,Bellevue,"$475,000",2.0,1.5,1500,6560.0,1.0,3.0,1993.0,0
3520,2024-01-01,Seattle,"$866,000",4.0,2.5,3520,7950.0,2.0,3.0,1906.0,0
1057,2024-01-10,Bellevue,"$782,000",4.0,2.5,3080,6120.0,2.0,2.0,1908.0,0
1712,2024-05-11,Redmond,"$613,000",2.0,2.0,1730,5010.0,2.0,3.0,2020.0,1
1325,2024-02-10,Kirkland,"$963,000",5.0,4.0,3380,9040.0,2.0,3.0,,0
1079,2024-02-15,Redmond,"$493,000",3.0,2.0,1680,8750.0,1.0,4.0,1985.0,0
1541,2024-02-01,Renton,"$445,000",3.0,3.0,2300,11670.0,1.0,4.0,1921.0,0
1356,2024-03-23,Bellevue,"$433,000",2.0,2.0,1650,5910.0,2.0,2.0,1931.0,0
1360,2024-03-21,Redmond,"$486,000",2.0,,1600,15050.0,2.0,3.0,1978.0,0
2019,2024-06-23,Seattle,"$1,064,000",7.0,5.0,4380,5700.0,1.0,5.0,1973.0,0
3647,2024-04-15,Kirkland,"$732,000",5.0,3.5,2720,5700.0,1.0,5.0,1946.0,0
3988,2024-03-03,Bellevue,"$431,000",3.0,2.5,1750,20340.0,1.0,2.0,1949.0,0
1916,2024-02-13,Renton,"$501,000",2.0,1.0,2570,8930.0,1.5,2.0,1909.0,0
1308,2024-04-03,Redmond ,"$772,000",5.0,3.0,2810,5130.0,1.0,5.0,1911.0,0
2414,2024-06-19,Renton,"$230,000",3.0,2.0,1390,15050.0,1.0,3.0,1978.0,0
1814,2024-06-09,REDMOND,"$213,000",1.0,1.0,1060,6820.0,2.0,3.0,1972.0,0
1042,2024-04-18,Kirkland,"$578,000",0.0,2.5,1980,7580.0,1.5,4.0,1975.0,0
3706,2024-05-07,Bellevue,"$666,000",3.0,2.5,2160,10900.0,2.0,5.0,1964.0,0
2406,2024-03-25,Seattle,"$367,000",2.0,1.5,1920,10710.0,1.5,1.0,1958.0,0
2587,2024-05-12,Seattle,"$228,000",1.0,1.5,1030,18680.0,1.0,4.0,1986.0,0
1883,2024-04-24,Renton,"$326,000",2.0,2.0,1470,9270.0,2.5,4.0,2023.0,0
1699,2024-01-18,Redmond,"$647,000",4.0,3.5,2880,22480.0,1.0,3.0,1904.0,0
2819,2024-03-07,Bellevue,"$593,000",3.0,,2070,6920.0,1.0,4.0,1921.0,0
1004,2024-03-05,Redmond,"$268,000",1.0,1.0,1020,5550.0,1.0,3.0,1936.0,0
1216,2024-05-27,Kirkland,"$937,000",,3.0,3540,8160.0,2.0,2.0,1962.0,0
1977,2024-03-01,Bellevue,"$359,000",3.0,2.0,1130,4240.0,1.0,4.0,1928.0,0
1099,2024-06-22,Seattle,"$538,000",4.0,4.0,2320,11520.0,2.0,3.0,1982.0,0
3019,2024-05-11,Redmond,"$393,000",3.0,2.0,1420,24530.0,1.0,,1956.0,0
2585,2024-04-11,Redmond,"$432,000",2.0,,1800,2060.0,1.0,3.0,1910.0,0
3708,2024-05-13,Seattle,"$402,000",3.0,2.5,1650,21130.0,1.0,3.0,1999.0,0
2371,2024-05-30,Seattle,"$357,000",2.0,1.5,1540,11490.0,2.0,4.0,1974.0,0
3597,2024-04-14,Seattle,"$483,000",3.0,2.5,1880,10440.0,3.0,2.0,1971.0,0
3838,2024-02-12,Seattle,"$734,000",4.0,3.0,2900,7360.0,1.0,3.0,2018.0,0
2192,2024-05-14,Bellevue,"$782,000",3.0,1.5,2470,11850.0,2.0,4.0,1923.0,0
3487,2024-02-24,Kirkland,"$368,000",2.0,2.5,1240,4110.0,1.0,5.0,1984.0,0
2813,2024-02-28,Kirkland,"$430,000",3.0,2.5,2080,5590.0,3.0,3.0,1914.0,0
2517,2024-03-20,Seattle,"$561,000",3.0,3.0,1910,7410.0,2.0,2.0,2018.0,0
1701,2024-01-30,Seattle,"$467,000",2.0,1.5,1820,26140.0,2.0,5.0,2022.0,0
1456,2024-06-10,Seattle,"$311,000",1.0,1.5,1110,21520.0,3.0,1.0,1939.0,0
3498,2024-06-08,Seattle,"$185,000",2.0,1.0,1120,11930.0,2.0,4.0,1903.0,0
3324,2024-01-10,Seattle,"$540,000",4.0,2.0,2250,16620.0,2.0,5.0,1904.0,0
1522,2024-04-28,Bellevue,"$972,000",5.0,4.0,3170,4190.0,2.0,3.0,1974.0,0
2261,2024-02-11,Seattle,"$361,000",1.0,1.5,1340,7120.0,1.0,5.0,1971.0,0
2954,2024-02-11,,"$480,000",3.0,2.0,2060,9070.0,2.0,5.0,,0
2038,2024-02-15,Bellevue,"$299,000",2.0,2.5,1100,6890.0,1.0,4.0,1918.0,0
1390,2024-02-12,Renton,"$434,000",3.0,1.5,2010,,2.0,4.0,1932.0,0
1952,2024-04-17,Seattle,"$423,000",2.0,2.0,1460,9680.0,1.0,3.0,1955.0,0
2922,2024-05-17,Seattle,"$381,000",2.0,1.0,1750,9310.0,1.5,4.0,1991.0,0
1412,2024-01-30,Redmond,"$265,000",1.0,1.0,1140,2310.0,2.0,3.0,1965.0,0
2786,2024-06-21,Kirkland,"$585,000",3.0,2.0,2100,11030.0,2.5,4.0,1911.0,0
2644,2024-04-28,Seattle,"$372,000",2.0,2.5,1390,5250.0,1.0,5.0,1936.0,0
2302,2024-03-17,Redmond,"$884,000",4.0,3.0,2920,10200.0,1.0,5.0,1972.0,0
1706,2024-05-04,Redmond,"$492,000",3.0,1.5,2070,2270.0,1.5,4.0,1978.0,0
2297,2024-04-30,Seattle,"$553,000",4.0,3.0,2610,6520.0,1.0,5.0,1922.0,0
2706,2024-03-15,Renton,"$312,000",2.0,2.0,1610,3920.0,1.0,4.0,1914.0,0
2269,2024-02-14,Bellevue,"$269,000",2.0,2.0,950 sqft,4250.0,2.5,4.0,2012.0,0
3361,2024-04-28,Kirkland,"$1,234,000",6.0,4.0,4450,15140.0,1.0,5.0,1999.0,0
3805,2024-05-03,Seattle,"$592,000",4.0,3.5,2400,6980.0,2.0,2.0,1962.0,0
3821,2024-03-21,Seattle,"$683,000",,2.5,2840,5380.0,1.0,4.0,1996.0,0
2022,2024-04-18,Kirkland,"$546,000",3.0,1.0,1920,4540.0,2.0,1.0,1925.0,0
1502,2024-01-22,Renton,"$300,000",2.0,2.0,1210,10370.0,1.0,1.0,1918.0,0
3869,2024-02-04,Renton,"$201,000",2.0,1.0,1170,3070.0,1.0,2.0,1989.0,0
1759,2024-05-12,Seattle,"$456,000",3.0,,1840,6890.0,1.0,3.0,1918.0,0
3243,2024-05-16,Bellevue,"$531,000",2.0,1.5,1780,7480.0,1.5,4.0,2012.0,0
1429,2024-03-21,SEATTLE,"$191,000",3.0,2.0,860,8450.0,2.0,5.0,1902.0,0
2594,2024-06-25,Bellevue,"$520,000",2.0,1.5,1750,6990.0,1.5,3.0,2015.0,0
2318,2024-01-09,Seattle,"$449,000",2.0,1.5,1730,12650.0,2.0,3.0,1970.0,0
2137,2024-02-17,Bellevue,"$417,000",2.0,3.0,880,12720.0,1.0,3.0,1955.0,1
1074,2024-01-08,Seattle,"$264,000",1.0,1.5,950,3070.0,2.0,5.0,2009.0,0
1026,2024-01-17,Seattle,"$553,000",2.0,1.5,2030,40840.0,2.0,4.0,1979.0,0
2345,2024-06-04,Renton,"$374,000",2.0,1.5,1750,1500.0,1.0,3.0,2008.0,0
3391,2024-06-20,Redmond,"$341,000",3.0,3.0,1420,5440.0,1.0,3.0,1999.0,0
2127,2024-06-17,,"$542,000",3.0,2.5,1840,9160.0,2.0,3.0,1941.0,0
2597,2024-02-22,Seattle,"$824,000",6.0,3.5,3140,5380.0,1.5,5.0,2023.0,0
2140,2024-01-04,Redmond,"$526,000",2.0,2.0,1800,5100.0,2.0,3.0,2012.0,0
1506,2024-01-01,Kirkland,"$605,000",3.0,3.0,1720,5220.0,2.0,4.0,1983.0,0
3532,2024-06-11,Redmond,"$252,000",2.0,1.0,1350,3880.0,1.5,3.0,1946.0,0
2395,2024-03-21,KIRKLAND,"$523,000",3.0,2.0,2240,4940.0,1.0,3.0,1943.0,0
3365,2024-02-12,Redmond,"$522,000",2.0,,1870,2710.0,2.0,,1972.0,0
3048,2024-01-11,Bellevue,"$656,000",3.0,2.5,2330,5720.0,1.0,2.0,1957.0,0
3771,2024-05-02,Seattle,"$516,000",4.0,3.0,1910,7240.0,1.5,3.0,2009.0,0
2770,2024-04-28,Kirkland,"$327,000",1.0,1.0,1010,16290.0,1.5,5.0,1984.0,0
2618,2024-05-11,,"$745,000",4.0,2.5,2690,5550.0,2.0,3.0,1983.0,0
2121,2024-01-07,Redmond,"$448,000",4.0,3.0,1570,,1.0,4.0,1935.0,0
2716,2024-04-03,Kirkland,"$525,000",3.0,2.5,2020,2960.0,1.0,4.0,1987.0,0
1587,2024-05-31,Seattle,"$564,000",4.0,2.5,2390,11270.0,1.0,4.0,1905.0,0
2772,2024-04-21,Kirkland,"$668,000",4.0,3.5,2450,5430.0,2.0,4.0,1926.0,0
1612,2024-05-31,Redmond,"$364,000",2.0,1.5,1730,20070.0,1.0,4.0,1924.0,0
2139,2024-03-25,seattle,"$372,000",3.0,2.5,1800,8690.0,1.0,3.0,1953.0,0
1426,2024-06-23,Kirkland,"$350,000",3.0,2.5,1330,9890.0,1.5,3.0,1935.0,0
1649,2024-02-27,Redmond,"$1,016,000",5.0,3.0,3900,14600.0,1.5,4.0,1980.0,0
2090,2024-01-29,Bellevue,"$446,000",1.0,1.0,1180,4640.0,1.0,4.0,2012.0,0
3484,2024-03-15,Seattle,"$584,000",4.0,2.0,2360,8000.0,1.0,3.0,1905.0,0
3003,2024-02-06,Renton,Not disclosed,2.0,1.0,1500,18600.0,2.0,5.0,1913.0,0
2409,2024-01-27,Renton,"$556,000",4.0,2.5,2810,6440.0,1.0,3.0,1966.0,0
1566,2024-02-29,Redmond,"$484,000",3.0,3.0,1750,2710.0,3.0,1.0,2007.0,0
2732,2024-06-19,Seattle,"$1,110,000",6.0,4.0,4590,13510.0,1.0,3.0,1975.0,0
1886,2024-06-13,Bellevue,"$918,000",5.0,3.5,3280,5270.0,1.0,3.0,1978.0,0
3939,2024-06-18,Seattle,"$1,107,000",7.0,4.5,4480,12060.0,1.0,3.0,2020.0,0
3702,2024-04-14,Bellevue,"$512,000",2.0,2.5,1890,10330.0,1.5,5.0,1907.0,0
1783,2024-03-12,Bellevue,"$425,000",1.0,1.5,1410,4380.0,2.0,3.0,1923.0,0
3618,2024-01-27,Renton,"$482,000",4.0,3.5,2440,5830.0,1.5,3.0,1995.0,0
3861,2024-05-03,Bellevue,"$870,000",4.0,2.5,2820,7080.0,3.0,3.0,1909.0,0
1630,2024-04-13,Kirkland,"$355,000",2.0,2.5,1220,14100.0,1.0,4.0,1996.0,0
3886,2024-05-26,Seattle,"$526,000",3.0,1.5,2220,14520.0,1.0,4.0,1946.0,0
3256,2024-04-29,Bellevue,"$576,000",,2.0,1980,4750.0,2.0,4.0,1985.0,0
1501,2024-06-01,Kirkland,"$515,000",4.0,2.5,1970,3510.0,2.0,4.0,1932.0,0
2705,2024-01-17,Bellevue,"$434,000",2.0,2.5,1320,13750.0,1.0,3.0,1993.0,0
2889,2024-03-26,Renton,"$404,000",3.0,3.5,1500,23270.0,1.0,3.0,1958.0,0
1409,2024-05-16,Seattle,"$673,000",3.0,2.5,2480,3180.0,2.0,3.0,,0
2344,2024-03-17,Redmond ,"$589,000",5.0,4.5,2490,5360.0,3.0,1.0,1910.0,0
1165,2024-04-18,Redmond,"$575,000",2.0,2.0,1510,7730.0,1.0,3.0,2008.0,1
3499,2024-02-23,Kirkland,"$664,000",3.0,2.5,2120,6790.0,1.0,3.0,2006.0,0
1244,2024-01-05,Bellevue,"$742,000",3.0,2.5,2570,5290.0,2.0,4.0,,0
3866,2024-02-06,Seattle,"$336,000",2.0,1.5,1450,4790.0,2.0,4.0,1900.0,0
3835,2024-05-05,Redmond,"$922,000",5.0,4.0,3390,5330.0,2.0,3.0,1911.0,0
2523,2024-06-12,Renton,"$918,000",7.0,4.5,4510,6550.0,2.0,3.0,,0
1379,2024-02-11,Bellevue,"$794,000",4.0,2.5,2380,9200.0,1.0,5.0,2011.0,0
2088,2024-02-11,Kirkland,"$494,000",3.0,2.0,2040,4480.0,3.0,3.0,1933.0,0
3571,2024-03-07,Seattle,"$358,000",1.0,1.0,1470,2740.0,1.0,5.0,1921.0,0
3591,2024-03-30,Kirkland,"$619,000",3.0,2.0,2560,7730.0,2.5,3.0,1930.0,0
1295,2024-02-15,Kirkland,"$627,000",3.0,2.0,1860,5770.0,1.0,5.0,1996.0,0
3604,2024-01-13,Kirkland,"$368,000",2.0,1.5,1390,12190.0,2.5,4.0,,0
3792,2024-03-20,Seattle,"$555,000",4.0,3.0,2000,6290.0,1.5,3.0,1948.0,0
3190,2024-04-05,Renton,"$474,000",2.0,1.5,1690,8830.0,1.0,4.0,1954.0,1
3948,2024-05-22,KIRKLAND,"$716,000",4.0,3.0,2820,7100.0,1.0,3.0,1983.0,0
2679,2024-02-18,Renton,"$756,000",5.0,2.5,3820,1680.0,2.0,4.0,,0
1316,2024-05-27,Seattle,"$707,000",5.0,4.0,2580,5040.0,1.5,4.0,2014.0,0
1529,2024-01-31,Kirkland,"$337,000",2.0,2.0,1160,4560.0,1.0,3.0,2004.0,0
3969,2024-03-07,Redmond,"$483,000",1.0,1.0,1690,3680.0,1.0,3.0,1991.0,0
2178,2024-01-30,Bellevue,"$641,000",3.0,3.5,2310,,1.0,4.0,2020.0,0
1190,2024-05-04,Seattle,"$583,000",4.0,2.5,2420,9350.0,2.0,4.0,,0
1028,2024-01-09,Seattle,"$335,000",1.0,1.0,1220,5130.0,2.0,5.0,2016.0,0
2988,2024-02-15,Redmond,"$455,000",2.0,2.0,1690,4370.0,1.0,2.0,1941.0,0
1275,2024-04-27,Redmond,"$551,000",3.0,3.0,2130,6620.0,1.0,3.0,1904.0,0
2973,2024-05-25,Kirkland,"$770,000",5.0,3.0,2930,8100.0,1.0,3.0,1967.0,0
2075,2024-06-28, Renton,"$442,000",2.0,1.0,2240,,3.0,2.0,1955.0,0
2810,2024-01-13,Seattle,"$378,000",1.0,1.0,1830,8220.0,2.0,3.0,1928.0,0
3362,2024-01-03, Seattle,"$526,000",3.0,3.0,1970,7970.0,1.5,5.0,1915.0,0
3069,2024-02-03,Seattle,"$404,000",3.0,2.0,1710,13930.0,1.5,4.0,1975.0,0
2964,2024-04-10,Seattle,"$531,000",2.0,1.5,2360,7080.0,2.0,3.0,1906.0,0
3677,2024-01-02,Bellevue,"$688,000",3.0,2.5,2240,5340.0,2.5,,1990.0,0
2335,2024-03-03,Renton,"$445,000",3.0,2.5,2140,10190.0,1.5,3.0,1946.0,0
3198,2024-06-13,Bellevue,"$361,000",1.0,1.0,1370,5140.0,2.0,5.0,1949.0,0
3248,2024-01-02,Redmond,"$636,000",2.0,1.5,1500,3730.0,1.5,3.0,2003.0,1
1586,2024-03-07,Redmond,"$494,000",3.0,2.5,1910,6580.0,2.0,4.0,1970.0,0
1838,2024-02-15,Renton,"$534,000",3.0,3.0,1630,14730.0,3.0,4.0,1930.0,1
1711,2024-05-03,Renton,"$263,000",1.0,1.5,1520,6430.0,1.0,4.0,1902.0,0
3287,2024-04-20,Renton,"$497,000",4.0,2.5,2350,19130.0,1.0,3.0,1993.0,0
3494,2024-04-29,Renton,"$272,000",2.0,1.5,1500,3140.0,2.0,3.0,1964.0,0
2251,2024-05-01,Seattle,"$1,091,000",6.0,4.5,4340,16260.0,1.0,1.0,1949.0,0
2437,2024-02-07,Seattle,"$630,000",4.0,3.0,2460,1990.0,2.0,3.0,1997.0,0
3585,2024-01-17,Seattle,"$769,000",4.0,3.0,3130,4190.0,1.0,3.0,1958.0,0
2438,2024-05-29,Bellevue,"$286,000",2.0,2.0,1100,4420.0,2.0,3.0,1979.0,0
2783,2024-04-13,Seattle,"$979,000",4.0,3.0,3370,5450.0,1.5,3.0,1940.0,1
2554,2024-04-30,Bellevue,"$1,024,000",5.0,3.5,3440,4270.0,2.0,3.0,2003.0,0
1817,2024-05-31,Renton,"$596,000",4.0,3.0,3000,2460.0,1.0,5.0,2009.0,0
3982,2024-05-23,Seattle,"$694,000",4.0,,2290,8940.0,2.0,3.0,2021.0,0
2921,2024-02-10,Bellevue,"$284,000",1.0,1.0,1030,6220.0,1.5,4.0,2020.0,0
1958,2024-04-09, Bellevue,"$353,000",1.0,1.0,1240,7850.0,1.0,3.0,1999.0,0
1303,2024-01-02,Bellevue,"$676,000",3.0,2.5,2300,5460.0,1.0,5.0,1930.0,0
1572,2024-06-05,Kirkland,"$596,000",3.0,2.5,2010,7070.0,3.0,2.0,1949.0,0
3649,2024-06-08,Redmond,"$731,000",3.0,2.5,2260,10820.0,3.0,3.0,1997.0,1
2983,2024-03-11,Renton,"$410,000",2.0,1.0,1970,5100.0,1.0,4.0,,0
1631,2024-05-26,Renton,"$370,000",2.0,1.5,1790,7630.0,2.5,3.0,1926.0,0
2512,2024-02-12,Seattle,"$406,000",3.0,2.0,1970,28160.0,1.0,3.0,1936.0,0
3463,2024-03-17,Seattle,"$558,000",3.0,2.5,2360,,1.0,2.0,1911.0,0
3932,2024-06-06,Seattle,"$303,000",4.0,3.0,1540,5240.0,2.0,3.0,1910.0,0
2699,2024-06-17,Renton,"$184,000",1.0,1.0,1100,14540.0,1.5,3.0,,0
2064,2024-02-15,Redmond,"$755,000",4.0,3.0,2710,5090.0,1.0,4.0,2006.0,0
3086,2024-04-28,Seattle,"$438,000",3.0,3.0,1250,5520.0,1.0,4.0,2007.0,0
3616,2024-03-25,Bellevue,"$643,000",3.0,2.0,2140,,2.5,1.0,2007.0,0
3203,2024-02-10,Renton,"$332,000",3.0,3.0,1700,7400.0,2.0,4.0,1930.0,0
3561,2024-03-30,Redmond,"$430,000",3.0,,1570,2110.0,1.0,3.0,1957.0,0
3638,2024-03-15,Seattle,"$633,000",3.0,2.5,2570,16890.0,1.0,4.0,1931.0,0
3882,2024-04-03,Seattle,"$671,000",5.0,3.5,2490,11080.0,2.0,4.0,1955.0,0
3548,2024-05-10,Seattle,"$562,000",3.0,,2400,16440.0,1.0,4.0,2002.0,0
1924,2024-03-28,Bellevue,"$370,000",1.0,1.0,1270,11300.0,2.5,3.0,1939.0,0
1723,2024-01-05,Seattle,"$496,000",4.0,1.5,2150,6390.0,2.0,1.0,1960.0,0
1060,2024-05-01,Seattle,"$441,000",3.0,2.0,1860,11780.0,2.0,3.0,2009.0,0
3236,2024-05-26,Renton,"$497,000",3.0,2.5,2710,15350.0,1.0,3.0,1965.0,0
3437,2024-02-10,Redmond,"$956,000",4.0,2.5,3550,3790.0,1.0,3.0,1995.0,0
2846,2024-03-20,Redmond,"$480,000",3.0,2.5,1850,4830.0,1.0,3.0,1902.0,0
1024,2024-03-09,Renton ,"$543,000",3.0,1.5,2290,8090.0,1.0,3.0,1960.0,1
1578,2024-04-24,Redmond,"$721,000",3.0,2.5,2270,20520.0,2.0,3.0,1958.0,1
1684,2024-03-15,Bellevue,"$879,000",4.0,3.0,2880,19410.0,1.5,3.0,1906.0,0
2016,2024-06-19,Seattle,"$463,000",4.0,3.5,1860,3010.0,2.0,3.0,1980.0,0
1347,2024-05-11,Renton,"$364,000",1.0,1.0,1650,22330.0,2.0,4.0,1981.0,0
3887,2024-06-04,seattle,"$610,000",2.0,2.0,2140,5230.0,1.0,3.0,2013.0,0
2668,2024-05-22,Seattle,"$682,000",4.0,3.5,2460,4640.0,1.0,4.0,1939.0,0
2556,2024-05-02,Kirkland,"$586,000",3.0,3.0,2210,8920.0,2.0,3.0,1937.0,0
3990,2024-01-31,Redmond,"$1,304,000",7.0,5.0,4910,9080.0,2.5,4.0,1928.0,0
1009,2024-03-08,Seattle,"$753,000",3.0,2.5,2960,10040.0,1.5,2.0,2001.0,0
3953,2024-03-31,Seattle,"$789,000",6.0,,3270,13730.0,1.0,,1928.0,0
1229,2024-06-27,Redmond,"$612,000",3.0,3.0,2300,7950.0,2.0,3.0,1936.0,0
1490,2024-05-11,Redmond,"$788,000",,1.5,2760,7750.0,2.0,,1913.0,0
3579,2024-01-22,Seattle,"$464,000",2.0,2.5,1910,4640.0,1.0,4.0,1982.0,0
2666,2024-04-08,Renton,"$597,000",4.0,3.0,2870,15380.0,3.0,4.0,1993.0,0
1830,2024-06-04,Seattle,"$464,000",3.0,2.0,2110,5940.0,2.0,4.0,2011.0,0
1386,2024-05-27,Renton ,"$590,000",3.0,2.5,2830,4120.0,1.0,3.0,1990.0,0
2956,2024-03-01,Renton,"$408,000",2.0,1.5,1790,12360.0,1.0,3.0,1978.0,0
1450,2024-04-23,Redmond,"$956,000",6.0,4.0,3670,8110.0,1.0,4.0,2023.0,0
3500,2024-02-25,Bellevue,"$364,000",,1.0,1300,17070.0,3.0,5.0,1938.0,0
1016,2024-06-16,Seattle,"$541,000",4.0,2.5,"2,450 sqft",4970.0,2.0,3.0,1904.0,0
2115,2024-01-13,Renton,"$382,000",3.0,1.5,1560,6330.0,3.0,4.0,2009.0,0
3849,2024-06-05,Kirkland,"$265,000",2.0,1.0,1110,4200.0,1.5,3.0,2011.0,0
2389,2024-01-09,Renton,"$317,000",2.0,1.5,1970,23340.0,2.0,4.0,1936.0,0
3457,2024-01-14,Redmond,"$459,000",3.0,2.0,1730,,2.5,3.0,1928.0,0
2589,2024-03-14,Seattle,"$509,000",3.0,3.0,2120,15990.0,1.0,4.0,1937.0,0
1824,2024-06-29,Redmond ,"$475,000",2.0,1.5,1770,,1.5,4.0,1949.0,0
3574,2024-03-29,Kirkland,"$406,000",2.0,2.5,1590,9690.0,1.5,3.0,1903.0,0
3773,2024-01-01,Renton,"$411,000",3.0,1.5,2060,2860.0,1.0,4.0,1921.0,0
2227,2024-03-31,Bellevue,"$583,000",2.0,2.0,2230,,2.0,3.0,1900.0,0
3245,2024-02-12,Bellevue,"$769,000",4.0,3.0,3100,6770.0,1.0,,1926.0,0
3665,2024-05-15,Bellevue,"$430,000",2.0,1.0,1480,3200000.0,2.0,5.0,2050.0,0
2975,2024-03-01,Seattle,"$349,000",1.0,1.0,1360,5440.0,1.0,2.0,1983.0,0
2232,2024-02-09,Redmond,"$398,000",3.0,2.5,1760,7710.0,2.0,3.0,1933.0,0
2802,2024-02-16,Redmond,"$436,000",3.0,3.0,1660,,1.0,4.0,1951.0,0
2010,2024-05-01,Bellevue,"$575,000",2.0,1.0,1420,6960.0,3.0,3.0,1998.0,1
2755,2024-06-14,Seattle,"$279,000",2.0,1.5,1120,15050.0,3.0,4.0,1903.0,0
3358,2024-01-15,Bellevue,"$668,000",3.0,3.5,2250,8590.0,2.0,3.0,1977.0,0
3746,2024-03-13,Kirkland,"$526,000",2.0,1.5,2060,,1.0,3.0,1971.0,0
3791,2024-05-28,Kirkland,"$1,551,000",7.0,4.0,5780,8240.0,1.0,5.0,1910.0,0
3432,2024-01-05,Kirkland,"$539,000",3.0,1.5,2110,5580.0,2.0,3.0,2022.0,0
2107,2024-04-20,Seattle,Not disclosed,2.0,1.5,1790,28470.0,2.0,3.0,1910.0,0
1498,2024-06-13,Redmond,"$197,000",1.0,1.0,1080,4360.0,3.0,3.0,1918.0,0
1353,2024-02-21,Redmond,"$661,000",3.0,2.5,2710,9190.0,2.0,3.0,1980.0,0
2911,2024-05-24,Seattle,"$344,000",1.0,1.0,1280,3340.0,1.0,5.0,2016.0,0
1443,2024-06-10,Kirkland,"$413,000",2.0,2.0,1540,12630.0,1.5,3.0,1962.0,0
1002,2024-03-15,Bellevue,"$453,000",1.0,2.0,1460,4060.0,2.0,3.0,2003.0,0
1286,2024-04-12,Bellevue,"$1,246,000",7.0,5.0,4150,5340.0,1.0,3.0,1996.0,0
2561,2024-05-06,Renton,"$279,000",1.0,1.0,1350,8200.0,1.0,4.0,1997.0,0
2647,2024-03-31,Seattle,"$657,000",4.0,3.0,2480,4240.0,3.0,3.0,2022.0,0
1784,2024-03-04,Redmond,"$642,000",3.0,1.5,2490,4280.0,1.0,3.0,1928.0,0
1861,2024-01-17,Kirkland,"$616,000",3.0,1.5,2450,6920.0,2.0,4.0,1997.0,0
2967,2024-05-30,Kirkland,"$480,000",4.0,2.5,1630,8800.0,1.5,1.0,1971.0,0
3675,2024-03-10,Redmond,"$495,000",2.0,1.0,1970,,3.0,5.0,1995.0,0
1349,2024-01-28,Redmond,"$727,000",5.0,3.0,2490,8970.0,1.0,5.0,,0
1069,2024-03-31,Seattle,"$617,000",3.0,1.5,2420,7600.0,2.0,2.0,2020.0,0
1404,2024-01-28,Seattle,"$429,000",3.0,2.5,1740,8500.0,1.0,4.0,1978.0,0
3363,2024-06-10,Bellevue,"$1,034,000",4.0,3.0,3170,4540.0,1.5,3.0,1998.0,0
1755,2024-01-15,Redmond,"$615,000",2.0,1.0,2210,6510.0,1.5,3.0,1935.0,0
1798,2024-02-14,Seattle,"$358,000",3.0,2.0,1470,6180.0,1.0,4.0,1923.0,0
2051,2024-05-14,Redmond,"$228,000",1.0,1.0,1180,,2.0,3.0,1904.0,0
1352,2024-03-14,Seattle,"$381,000",2.0,2.5,1470,2060.0,2.0,,1996.0,0
3441,2024-06-08,Renton,"$334,000",3.0,3.0,1530,4470.0,2.5,3.0,1987.0,0
1178,2024-04-18,Renton,"$460,000",3.0,2.5,2060,15800.0,1.0,4.0,1947.0,0
1954,2024-03-31,Seattle ,"$345,000",2.0,1.5,1350,5010.0,2.0,3.0,1965.0,0
2381,2024-01-06,Bellevue,"$681,000",3.0,3.0,2070,3200000.0,3.0,3.0,2004.0,0
3090,2024-04-24,Bellevue,"$507,000",3.0,2.0,1650,8790.0,2.5,5.0,1918.0,0
2796,2024-06-01,Seattle,"$549,000",3.0,1.5,2130,14000.0,2.0,5.0,,0
3110,2024-02-05,Seattle,"$589,000",4.0,3.5,2170,9810.0,1.5,4.0,1963.0,0
2875,2024-03-08,Renton,"$350,000",2.0,1.5,1540,5290.0,2.0,3.0,1983.0,0
1253,2024-06-09,Bellevue,"$234,000",1.0,1.0,1180,10610.0,1.0,3.0,1912.0,0
2439,2024-06-03,Renton,"$345,000",3.0,2.0,1550,17770.0,1.0,3.0,1992.0,0
1559,2024-05-13,Redmond,"$281,000",2.0,1.5,1360,4900.0,2.0,4.0,,0
2578,2024-04-24,Kirkland,"$515,000",3.0,2.0,1730,5170.0,1.0,3.0,1997.0,0
2901,2024-05-24,Redmond,"$391,000",2.0,1.5,1430,6870.0,2.0,5.0,1934.0,0
1194,2024-03-21,Kirkland,"$482,000",3.0,2.0,1870,20870.0,1.0,3.0,1965.0,0
3916,2024-04-29,Seattle,"$555,000",4.0,3.0,2320,5920.0,2.0,3.0,1961.0,0
2508,2024-01-30, Bellevue,"$649,000",2.0,2.0,2140,17990.0,2.0,2.0,1995.0,0
3055,2024-06-08,Seattle,"$525,000",3.0,2.5,2090,3930.0,2.5,1.0,1985.0,0
3040,2024-05-05,Kirkland,"$737,000",4.0,3.5,2690,,1.0,5.0,2023.0,0
1245,2024-03-12,Redmond,"$510,000",3.0,3.0,2020,3530.0,2.0,4.0,1945.0,0
1446,2024-02-13,Kirkland,"$406,000",2.0,2.5,1360,12200.0,2.0,4.0,1994.0,0
1477,2024-03-19,Bellevue,"$490,000",,1.0,1870,6570.0,1.5,3.0,1906.0,0
1539,2024-05-23,Seattle,"$619,000",3.0,2.0,1710,15180.0,2.5,,2016.0,1
2331,2024-04-17,Kirkland ,"$579,000",3.0,1.5,2580,8070.0,3.0,4.0,1906.0,0
1256,2024-04-04,Kirkland,"$469,000",4.0,3.0,1680,9850.0,2.5,4.0,1930.0,0
1452,2024-03-30,Renton,"$354,000",3.0,2.5,1850,5650.0,1.0,3.0,1930.0,0
3784,2024-04-01,Bellevue,"$513,000",2.0,1.5,1900,3790.0,1.0,3.0,1906.0,0
2489,2024-05-12,Renton,"$496,000",3.0,2.0,2480,3340.0,2.0,4.0,1936.0,0
2745,2024-06-28,Kirkland,"$614,000",3.0,2.5,2510,,1.5,3.0,2018.0,0
3368,2024-05-21,Bellevue,"$396,000",3.0,2.5,1450,4280.0,1.0,1.0,1995.0,0
2893,2024-02-14,Redmond,"$548,000",2.0,1.5,1510,13980.0,1.0,3.0,1915.0,1
3495,2024-05-18,Renton,"$408,000",3.0,,1970,4700.0,2.0,2.0,1986.0,0
3509,2024-04-05,Bellevue,"$398,000",3.0,1.0,1190,14150.0,2.0,3.0,1987.0,0
3357,2024-02-08,Bellevue,"$1,016,000",5.0,2.5,3530,7080.0,1.0,3.0,1984.0,0
3897,2024-06-22,Renton,"$311,000",3.0,2.5,1570,3400.0,1.0,4.0,1936.0,0
1949,2024-02-06,Renton,"$660,000",4.0,3.0,3110,18570.0,1.0,3.0,1969.0,0
1511,2024-06-12,Seattle,"$403,000",2.0,1.0,1670,11060.0,1.5,4.0,2019.0,0
2394,2024-01-24,Seattle,"$648,000",4.0,3.5,2740,10980.0,2.5,4.0,,0
2509,2024-05-19,Seattle,"$209,000",1.0,2.0,890,9400.0,2.5,4.0,1980.0,0
2876,2024-05-06,Kirkland,"$415,000",2.0,1.5,1560,6500.0,1.0,4.0,1927.0,0
3853,2024-02-11,Kirkland,"$931,000",5.0,3.5,3530,13130.0,3.0,5.0,1931.0,0
2332,2024-05-19,Bellevue,"$473,000",3.0,2.5,1500,6490.0,2.0,4.0,1916.0,0
2310,2024-01-31,Renton,"$314,000",2.0,1.5,1320,4730.0,2.0,3.0,1930.0,0
3955,2024-02-08,,"$1,133,000",5.0,3.0,3790,8450.0,2.0,,1967.0,0
3444,2024-06-07,bellevue,"$522,000",1.0,1.0,1890,10640.0,1.5,,1972.0,0
3650,2024-02-23,Kirkland,"$823,000",4.0,2.0,3220,8670.0,1.0,5.0,1964.0,0
3454,2024-05-23,Kirkland,"$399,000",2.0,2.5,1230,14590.0,1.0,2.0,1993.0,0
2871,2024-03-15,Seattle,"$612,000",3.0,2.0,2670,7010.0,2.0,4.0,1917.0,0
3607,2024-05-25,Redmond,"$297,000",2.0,2.5,1240,4100.0,1.0,,1978.0,0
3451,2024-01-01,Redmond,"$524,000",3.0,2.5,2170,8700.0,1.0,5.0,1914.0,0
3409,2024-06-24,Seattle,"$508,000",3.0,2.5,2040,5470.0,2.0,4.0,2003.0,0
1622,2024-02-13,Bellevue,"$875,000",3.0,2.0,2630,12000.0,2.0,,1902.0,1
2511,2024-01-26,seattle,"$379,000",1.0,1.0,1330,14600.0,2.0,3.0,1979.0,0
3036,2024-02-13,Kirkland,"$437,000",2.0,1.5,1690,4820.0,1.0,4.0,1908.0,0
2672,2024-02-21,Redmond,"$517,000",2.0,1.5,1830,6940.0,2.0,3.0,2008.0,0
2701,2024-06-03,Renton,"$220,000",1.0,2.5,1260,4220.0,2.0,4.0,1933.0,0
3428,2024-03-05,Redmond,"$385,000",2.0,1.5,1590,14310.0,1.0,4.0,1947.0,0
2201,2024-04-22,Redmond,"$494,000",2.0,1.0,1850,7720.0,1.0,4.0,1956.0,0
3705,2024-05-05,Kirkland,"$690,000",5.0,2.5,2840,11980.0,2.0,3.0,1941.0,0
1664,2024-01-02,Seattle,"$400,000",2.0,2.5,1640,6590.0,2.0,3.0,1991.0,0
1775,2024-05-13,Seattle,"$689,000",3.0,2.0,"2,340 sqft",8090.0,1.0,3.0,1932.0,1
1574,2024-05-07,Kirkland,"$475,000",2.0,1.5,1780,5480.0,2.0,3.0,1903.0,0
2931,2024-06-25,Redmond,"$515,000",3.0,3.0,2270,12520.0,2.0,,1954.0,0
3347,2024-02-17,,"$821,000",6.0,5.0,3790,4550.0,1.0,5.0,1979.0,0
3544,2024-06-05,Seattle,"$382,000",2.0,2.0,1400,10080.0,1.5,3.0,2001.0,0
3699,2024-02-19,Bellevue,"$941,000",6.0,4.0,3240,,2.0,4.0,1993.0,0
2919,2024-06-22,Redmond,"$481,000",3.0,,1770,9650.0,2.0,4.0,1901.0,0
2122,2024-05-23,Seattle,"$577,000",4.0,3.5,2320,5160.0,1.0,4.0,2004.0,0
3028,2024-06-28,Bellevue,"$431,000",1.0,1.0,1510,11880.0,2.0,3.0,1977.0,0
3542,2024-02-16,Bellevue,"$577,000",3.0,2.5,2090,15230.0,1.0,4.0,1954.0,0
2998,2024-02-07,Seattle,"$636,000",3.0,2.5,2410,9860.0,1.5,5.0,1997.0,0
1140,2024-03-02,Seattle,"$310,000",2.0,2.0,1100,5170.0,1.0,2.0,1979.0,0
3044,2024-05-04,Renton,"$467,000",4.0,3.5,2000,8680.0,1.0,2.0,2008.0,0
1283,2024-02-26,Seattle,"$511,000",3.0,3.5,2240,5500.0,1.0,2.0,1914.0,0
1259,2024-02-12,Seattle,"$273,000",,1.5,1430,9450.0,2.0,4.0,1933.0,0
1617,2024-02-13,Kirkland,"$632,000",3.0,2.0,2320,5230.0,1.0,5.0,1957.0,0
2812,2024-01-23,Bellevue,"$485,000",1.0,1.0,1780,22270.0,1.0,2.0,2004.0,0
2798,2024-02-27,Seattle,"$496,000",2.0,1.0,1800,7720.0,3.0,5.0,1915.0,0
3113,2024-05-16,Seattle,"$731,000",5.0,3.5,3070,9030.0,1.0,3.0,1934.0,0
3737,2024-01-09,Seattle ,"$532,000",3.0,2.0,2280,8050.0,2.0,4.0,2004.0,0
1726,2024-05-27, Seattle,"$278,000",3.0,2.0,1380,4150.0,2.0,4.0,1925.0,0
2637,2024-02-03,Bellevue,"$727,000",4.0,3.0,2220,22060.0,1.0,3.0,2023.0,0
3117,2024-02-02,Seattle,"$644,000",5.0,3.5,2720,,1.0,4.0,1962.0,0
1678,2024-06-06,Bellevue,"$660,000",2.0,1.0,2380,7780.0,1.0,1.0,1910.0,0
3841,2024-06-16,Kirkland,"$762,000",3.0,2.0,2800,3860.0,2.0,2.0,1962.0,0
2153,2024-06-09,Seattle,"$368,000",3.0,1.5,1890,2740.0,2.0,4.0,1901.0,0
2898,2024-03-06,Seattle,"$258,000",,2.0,1200,,1.0,4.0,1981.0,0
1056,2024-06-01,Kirkland,"$535,000",3.0,2.0,2050,3770.0,1.5,4.0,2017.0,0
3007,2024-01-24,Bellevue,"$400,000",2.0,2.5,1360,6800.0,1.0,3.0,1932.0,0
3247,2024-06-22,Seattle,"$375,000",3.0,,1510,10010.0,1.0,3.0,1937.0,0
2412,2024-04-19,Renton,"$412,000",3.0,2.0,1560,3450.0,1.0,5.0,1959.0,0
3764,2024-06-28,Seattle,"$606,000",4.0,,2070,15760.0,1.0,4.0,2016.0,0
2289,2024-01-02,Bellevue,"$716,000",3.0,2.5,2300,17730.0,1.5,3.0,1996.0,0
1167,2024-01-26,Kirkland,"$615,000",3.0,2.5,2340,4600.0,2.0,4.0,1949.0,0
3885,2024-04-06,Bellevue,"$528,000",2.0,2.5,1730,15600.0,2.5,5.0,1906.0,0
1873,2024-04-30,Renton,"$140,000",1.0,1.0,760,3340.0,1.0,4.0,2014.0,0
2362,2024-05-09,Bellevue,"$509,000",2.0,,1950,22660.0,2.0,3.0,1903.0,0
1888,2024-05-29,Seattle,"$659,000",4.0,2.5,"2,660 sqft",2870.0,2.0,4.0,1964.0,0
1889,2024-03-05,Seattle,"$775,000",3.0,1.5,2930,6840.0,1.5,5.0,2000.0,0
3889,2024-05-11,,"$322,000",2.0,1.5,1190,3330.0,1.0,3.0,1958.0,0
3427,2024-05-02,Seattle,"$511,000",3.0,1.5,1810,27120.0,2.0,4.0,2023.0,0
2820,2024-05-10,Redmond,"$593,000",2.0,1.5,2270,16780.0,2.5,5.0,1982.0,0
3459,2024-04-29,Seattle,"$349,000",1.0,1.0,1160,5130.0,1.0,3.0,1942.0,0
1499,2024-06-10,Bellevue,"$925,000",,3.0,3110,6590.0,2.0,3.0,1907.0,0
1715,2024-04-17,Kirkland,"$493,000",2.0,2.0,1660,,1.0,4.0,,0
3738,2024-05-12,Bellevue,"$478,000",3.0,2.0,1570,4270.0,1.0,3.0,1934.0,0
2057,2024-03-14,Renton,"$316,000",1.0,2.0,1380,5480.0,2.0,4.0,1998.0,0
3751,2024-06-20,Seattle,"$372,000",2.0,1.5,1400,9770.0,1.0,4.0,2005.0,0
1365,2024-01-06,Redmond,"$506,000",3.0,3.0,1860,12630.0,2.0,5.0,1954.0,0
2608,2024-05-25,Seattle,"$678,000",3.0,2.5,2750,8000.0,2.0,4.0,1997.0,0
3320,2024-04-20,Renton,"$803,000",5.0,4.0,3460,4540.0,2.0,2.0,1998.0,0
2728,2024-05-03,Renton,"$256,000",1.0,1.0,1080,,1.5,3.0,1944.0,0
3503,2024-04-10,Renton,"$250,000",3.0,3.0,1500,7110.0,1.0,2.0,1960.0,0
1637,2024-06-14,Redmond,"$616,000",3.0,2.0,2560,6230.0,1.0,3.0,1967.0,0
1801,2024-01-09,Kirkland,"$388,000",1.0,1.0,1670,2610.0,1.0,4.0,1913.0,0
1618,2024-01-15,Seattle,"$386,000",2.0,2.0,1470,4710.0,2.0,3.0,1956.0,0
3012,2024-05-09,Seattle,"$372,000",2.0,1.0,1800,3360.0,1.0,3.0,2015.0,0
1601,2024-03-14,,"$581,000",4.0,2.0,2150,7750.0,2.0,,1944.0,0
1124,2024-03-03,Bellevue,"$558,000",2.0,2.5,1630,12830.0,2.0,3.0,1939.0,0
2598,2024-06-18, Seattle,"$620,000",4.0,3.5,2610,8930.0,2.0,3.0,1920.0,0
1335,2024-04-15,Seattle,"$467,000",3.0,2.5,1880,4260.0,1.0,3.0,1971.0,0
2858,2024-05-22,Seattle,"$272,000",1.0,1.5,1040,2710.0,1.0,4.0,1970.0,0
3284,2024-04-19,Kirkland,"$417,000",1.0,,1450,6030.0,1.0,2.0,2005.0,0
1305,2024-03-18,Renton,"$504,000",3.0,2.5,2460,8000.0,1.0,3.0,1922.0,0
3417,2024-06-23,Seattle,"$513,000",2.0,1.5,1880,6070.0,2.0,3.0,1985.0,0
1981,2024-01-14,Renton,"$308,000",3.0,2.5,1200,5170.0,1.5,4.0,1961.0,0
2689,2024-01-01,Redmond,"$502,000",2.0,1.5,1870,9620.0,1.0,4.0,1993.0,0
3680,2024-06-19,Seattle,"$436,000",2.0,2.5,1500,3810.0,1.0,4.0,2023.0,0
3116,2024-01-31,Renton,"$334,000",3.0,3.0,1900,2220.0,2.0,3.0,1998.0,0
1919,2024-02-13,Seattle,"$396,000",3.0,2.0,1470,13640.0,1.5,3.0,1940.0,0
2080,2024-05-28,Seattle,"$567,000",3.0,2.5,2420,3300.0,1.0,5.0,1993.0,0
1564,2024-06-10,Redmond,"$652,000",4.0,3.0,2700,5600.0,2.5,3.0,1909.0,0
1582,2024-03-15,Bellevue,"$689,000",2.0,1.5,2150,6480.0,1.0,3.0,1981.0,0
3910,2024-02-26,Redmond,Not disclosed,2.0,1.5,1890,2800.0,2.0,4.0,1992.0,0
2617,2024-06-17,Seattle,"$342,000",2.0,1.0,1430,6340.0,2.0,4.0,1904.0,0
2275,2024-06-29,Seattle,$0,4.0,3.5,2590,24420.0,2.0,3.0,1988.0,0
2285,2024-02-17,Renton,"$409,000",3.0,1.5,2250,5730.0,2.0,2.0,1919.0,0
2195,2024-02-07,Renton,"$379,000",2.0,2.0,1710,5890.0,2.0,5.0,1904.0,0
1829,2024-06-11,RENTON,"$539,000",3.0,1.0,2480,4720.0,1.5,3.0,1957.0,0
1992,2024-01-31,Kirkland,"$498,000",3.0,2.5,"1,910 sqft",5170.0,3.0,3.0,1990.0,0
2198,2024-03-22,Redmond,"$694,000",4.0,3.0,2710,7560.0,2.0,5.0,1926.0,0
2196,2024-01-02,Seattle,"$417,000",2.0,,1760,3880.0,1.0,2.0,2013.0,0
2825,2024-04-23,Kirkland,"$702,000",4.0,3.5,2560,8330.0,2.5,3.0,1908.0,0
2880,2024-06-26,Redmond,"$477,000",2.0,1.5,1890,10320.0,1.5,4.0,1931.0,0
2862,2024-05-21,Renton ,"$625,000",5.0,4.5,2830,10210.0,1.0,3.0,1982.0,0
2351,2024-03-27,Kirkland,"$476,000",2.0,1.5,1620,9570.0,1.5,4.0,1993.0,0
2528,2024-02-15,Bellevue,"$608,000",3.0,2.5,2170,17720.0,2.0,3.0,1927.0,0
2559,2024-05-10,REDMOND,"$303,000",2.0,1.5,1390,7220.0,2.0,4.0,1941.0,0
3407,2024-02-21,,"$734,000",0.0,3.5,2820,17590.0,3.0,3.0,2001.0,0
3242,2024-02-15,Seattle,"$956,000",6.0,3.5,3910,4960.0,2.0,3.0,1993.0,0
1410,2024-06-09,Renton,"$765,000",5.0,3.5,3430,11820.0,1.0,5.0,2019.0,0
1676,2024-05-15,Bellevue,"$718,000",,3.5,2500,3950.0,1.0,3.0,1954.0,0
1298,2024-06-11,Kirkland,"$470,000",2.0,2.0,1620,5730.0,1.0,4.0,2015.0,0
1926,2024-05-28,Seattle,"$420,000",4.0,2.5,1650,4990.0,2.0,4.0,2021.0,0
1023,2024-03-28,Renton,"$269,000",2.0,1.0,1330,3000.0,2.0,3.0,2008.0,0
3064,2024-03-06,Seattle,"$460,000",4.0,3.5,1690,8470.0,1.0,3.0,1940.0,0
2990,2024-01-31,Seattle,"$88,500,000",2.0,1.5,2030,9110.0,2.5,3.0,2003.0,0
1729,2024-02-11,Bellevue,"$747,000",5.0,3.5,2190,8090.0,1.0,5.0,1918.0,0
2622,2024-06-10,Bellevue,"$1,061,000",6.0,4.0,3550,24880.0,1.0,3.0,1955.0,0
2347,2024-05-12,Bellevue,"$413,000",3.0,3.0,1360,11750.0,2.0,3.0,1940.0,0
2308,2024-03-09,REDMOND,"$569,000",4.0,2.5,1920,5960.0,2.0,3.0,1989.0,0
1894,2024-04-19,Seattle,"$655,000",2.0,1.0,2560,,1.0,3.0,2010.0,0
1672,2024-01-09,Redmond,"$414,000",,3.0,1950,5990.0,2.0,4.0,1935.0,0
2673,2024-05-31,Kirkland,Not disclosed,3.0,2.5,2030,,2.5,4.0,1982.0,0
2200,2024-02-18,Kirkland,"$550,000",3.0,2.5,2150,11140.0,2.0,3.0,1957.0,0
1182,2024-01-20,Renton,"$407,000",3.0,3.0,2100,,2.0,3.0,1909.0,0
2750,2024-04-28,Bellevue,"$462,000",2.0,1.5,1530,2660.0,1.0,2.0,2018.0,0
3943,2024-06-06,Kirkland,"$669,000",3.0,3.0,2800,5050.0,2.5,3.0,1920.0,0
1294,2024-03-03,Seattle,"$326,000",2.0,1.0,1380,6740.0,2.0,3.0,1975.0,0
1202,2024-06-05,Renton,"$339,000",3.0,2.0,1580,6720.0,2.0,3.0,,0
3131,2024-02-19,Seattle,"$475,000",3.0,2.5,1760,4280.0,1.5,4.0,2005.0,0
1127,2024-02-17,Seattle,"$404,000",3.0,2.5,1700,6250.0,2.5,3.0,1971.0,0
1532,2024-06-20,Kirkland,"$618,000",3.0,1.5,2260,10200.0,2.0,3.0,1949.0,0
2432,2024-03-28,redmond,"$219,000",1.0,1.0,880,3950.0,3.0,5.0,1907.0,0
1200,2024-01-03,Seattle,"$481,000",3.0,2.0,1940,8310.0,2.0,4.0,1905.0,0
2498,2024-03-01,Redmond,"$703,000",2.0,2.0,1870,1940.0,2.0,4.0,2014.0,1
3095,2024-03-28,Renton,"$350,000",3.0,2.0,1790,11590.0,2.0,3.0,1982.0,0
2972,2024-04-25,Renton,"$834,000",5.0,4.0,3970,3290.0,1.0,3.0,1989.0,0
1693,2024-04-10,Seattle,"$969,000",5.0,4.0,3860,7740.0,2.0,4.0,2021.0,0
1935,2024-02-13,Kirkland,"$922,000",5.0,4.0,3400,9340.0,1.5,4.0,2010.0,0
1687,2024-01-14,bellevue,"$544,000",,2.0,1730,5930.0,1.0,4.0,1960.0,0
1818,2024-03-24,Bellevue,"$510,000",3.0,2.0,1720,5170.0,1.0,1.0,1995.0,0
1217,2024-02-21,Seattle,"$532,000",4.0,3.0,2070,5750.0,1.5,5.0,1918.0,0
3830,2024-01-21,Kirkland,"$358,000",3.0,2.0,1540,5650.0,1.0,3.0,1947.0,0
2278,2024-05-02, Seattle,"$469,000",3.0,1.5,1920,11150.0,2.0,3.0,1924.0,0
1153,2024-05-23,Seattle,"$634,000",3.0,2.5,2460,6370.0,1.0,4.0,1984.0,0
3426,2024-01-28,Kirkland,"$427,000",4.0,2.5,1640,11560.0,1.0,3.0,1932.0,0
2842,2024-06-01,Redmond,"$408,000",2.0,2.0,1750,5040.0,1.0,3.0,1921.0,0
3411,2024-03-12,Redmond,"$263,000",1.0,1.0,940,,1.5,3.0,1925.0,0
1966,2024-01-03,Bellevue,"$464,000",1.0,2.0,1520,6540.0,3.0,2.0,2003.0,0
1479,2024-06-17,Redmond,"$325,000",1.0,1.5,940,4810.0,1.5,3.0,2006.0,0
2283,2024-01-22,Bellevue,"$884,000",,2.0,3080,13710.0,2.0,3.0,1953.0,0
2605,2024-05-07,Seattle,"$493,000",3.0,2.0,2110,4820.0,1.5,2.0,2013.0,0
3254,2024-01-29,Redmond,"$701,000",,4.0,2360,11950.0,2.0,3.0,2011.0,0
2667,2024-03-30,Kirkland,"$946,000",6.0,4.5,3680,,2.0,5.0,1912.0,0
3851,2024-04-02,Bellevue,"$570,000",1.0,1.0,1590,4680.0,2.0,3.0,1946.0,1
2151,2024-05-04,Seattle,"$395,000",3.0,2.5,1670,23000.0,2.0,3.0,2020.0,0
1813,2024-03-09,Renton,"$358,000",3.0,3.0,1670,4260.0,2.5,4.0,1939.0,0
3726,2024-01-31,Kirkland,"$557,000",3.0,2.5,1910,2050.0,3.0,4.0,1948.0,0
2555,2024-02-28,Seattle,"$393,000",3.0,3.0,1320,15280.0,2.0,2.0,2001.0,0
1251,2024-05-09,Redmond,"$627,000",3.0,3.0,2320,6180.0,2.0,4.0,1916.0,0
1844,2024-02-12,Bellevue,"$395,000",1.0,1.0,1380,5130.0,1.0,,2018.0,0
3408,2024-02-25,Seattle,"$452,000",4.0,2.5,2030,12340.0,1.5,4.0,1994.0,0
2265,2024-01-21,Redmond,"$235,000",1.0,1.0,1070,4640.0,2.0,5.0,1980.0,0
2009,2024-04-11,Kirkland,"$470,000",1.0,1.0,1710,6240.0,1.0,3.0,1936.0,0
1328,2024-02-26,Bellevue,"$545,000",2.0,2.0,1970,10100.0,2.0,2.0,1912.0,0
1968,2024-01-22,seattle,"$642,000",3.0,1.5,2380,6060.0,2.0,3.0,2016.0,0
1950,2024-03-07,Seattle,"$469,000",4.0,2.5,2130,4080.0,1.0,1.0,1964.0,0
3834,2024-02-24,Kirkland,"$392,000",3.0,2.0,1600,12840.0,1.0,5.0,1921.0,0
1973,2024-01-31, Seattle,"$1,061,000",7.0,4.0,4470,,2.0,,1995.0,0
2897,2024-06-13,Redmond,"$346,000",1.0,1.0,980,7040.0,2.0,5.0,1994.0,0
1188,2024-05-22,Seattle,"$678,000",4.0,3.0,2140,9340.0,1.5,5.0,1907.0,1
1247,2024-04-26,Redmond,"$624,000",2.0,2.0,2170,,2.0,3.0,2009.0,0
3103,2024-05-05,Kirkland,"$319,000",1.0,2.0,1140,,2.5,4.0,2017.0,0
3523,2024-03-04,bellevue,"$728,000",4.0,3.0,2320,21720.0,1.5,,2009.0,0
3936,2024-01-14,Bellevue,"$624,000",3.0,2.5,"2,230 sqft",,1.0,3.0,1901.0,0
3100,2024-01-04,Seattle,"$762,000",5.0,4.0,2950,2990.0,2.0,5.0,1938.0,0
3339,2024-02-25,Redmond,"$800,000",4.0,3.5,2800,6220.0,1.0,4.0,2022.0,0
2327,2024-06-14,Bellevue,"$461,000",2.0,1.5,1670,10070.0,1.0,3.0,1967.0,0
1284,2024-06-05,Seattle,"$342,000",2.0,1.0,1200,5590.0,2.0,1.0,2099.0,0
3329,2024-05-05,Redmond,"$708,000",4.0,3.0,2610,15680.0,3.0,3.0,1984.0,0
1158,2024-06-15,Redmond,"$708,000",4.0,2.5,2930,8310.0,1.0,3.0,1946.0,0
3716,2024-04-09,Seattle,"$295,000",1.0,1.0,1090,11600.0,2.0,5.0,1953.0,0
2506,2024-05-19,Bellevue,"$315,000",1.0,1.0,1170,9120.0,2.5,5.0,1988.0,0
1904,2024-01-02,Bellevue,"$706,000",4.0,2.5,2330,5310.0,1.0,5.0,1960.0,0
2346,2024-06-22,Redmond ,"$419,000",2.0,1.0,1670,13920.0,2.0,3.0,1903.0,0
2270,2024-04-18,Bellevue,"$645,000",4.0,2.5,2300,5820.0,1.0,3.0,1974.0,0
3414,2024-05-25,Bellevue,"$395,000",1.0,1.0,1250,3770.0,1.0,1.0,1950.0,0
1976,2024-02-19,Redmond,"$341,000",2.0,1.0,1320,4790.0,2.0,3.0,2022.0,0
3177,2024-03-14,Bellevue,"$629,000",3.0,3.0,2350,5360.0,1.0,2.0,1901.0,0
2646,2024-05-07,Bellevue,"$480,000",3.0,2.0,1610,,2.0,3.0,,0
2680,2024-04-04,Bellevue,"$492,000",3.0,3.0,1640,2790.0,1.5,3.0,1931.0,0
3682,2024-05-09,Renton,"$678,000",4.0,3.0,2490,10520.0,1.0,3.0,1994.0,1
1123,2024-05-22,Seattle,"$292,000",2.0,1.5,1280,7620.0,1.0,3.0,1905.0,0
2073,2024-04-30,Bellevue,"$489,000",3.0,2.5,1710,13490.0,1.0,4.0,1903.0,0
2535,2024-02-07,Seattle,"$273,000",3.0,2.5,1700,7930.0,1.0,3.0,1942.0,0
2305,2024-02-09,Kirkland,"$575,000",3.0,3.0,2060,2970.0,1.0,3.0,1978.0,0
3460,2024-01-10,bellevue,"$333,000",1.0,1.0,1080,3590.0,1.0,5.0,1954.0,0
3555,2024-03-10,Seattle,"$383,000",2.0,2.0,1490,10170.0,2.0,3.0,,0
1418,2024-03-16,Kirkland,"$594,000",3.0,3.0,1940,3600.0,2.0,4.0,1969.0,0
3518,2024-03-31,Seattle,"$474,000",3.0,3.5,1770,7950.0,2.0,4.0,1976.0,0
1870,2024-03-25,Seattle,"$467,000",2.0,2.0,1760,4890.0,2.0,3.0,1952.0,0
3469,2024-01-12,REDMOND,"$693,000",4.0,3.5,2460,7070.0,2.0,4.0,,0
2031,2024-03-21,Redmond,"$406,000",3.0,,1620,2910.0,1.0,4.0,1950.0,0
3992,2024-03-27,Kirkland,"$288,000",1.0,1.0,1220,23700.0,1.0,3.0,,0
3202,2024-03-08,Renton,"$353,000",3.0,2.0,1570,8870.0,1.0,3.0,1995.0,0
1757,2024-03-27,Seattle,"$810,000",6.0,4.5,3050,4480.0,2.0,3.0,1966.0,0
2702,2024-06-18,RENTON,"$514,000",4.0,3.0,2120,5570.0,1.5,3.0,,0
2543,2024-02-02,Bellevue,"$738,000",4.0,2.5,2270,4410.0,1.0,4.0,1982.0,0
2157,2024-01-06,Seattle,"$676,000",4.0,2.5,2480,10490.0,1.0,3.0,2020.0,0
2109,2024-02-03,Renton,"$418,000",3.0,3.0,1800,15890.0,1.5,3.0,2012.0,0
1068,2024-03-10,Seattle,"$674,000",4.0,3.0,2940,6090.0,1.0,3.0,1935.0,0
3285,2024-03-17,Seattle,"$628,000",3.0,3.0,2890,6810.0,2.0,3.0,1969.0,0
1333,2024-02-26,Redmond,"$512,000",2.0,1.0,2180,8970.0,1.5,3.0,1944.0,0
2593,2024-05-21,Renton,"$112,000",3.0,2.5,1250,1770.0,2.5,2.0,1918.0,0
1337,2024-02-25,Seattle,"$360,000",2.0,1.5,1430,7780.0,1.0,4.0,2015.0,0
1913,2024-03-25,renton,"$235,000",2.0,2.0,840,6600.0,2.0,5.0,1950.0,0
2576,2024-04-16,Seattle,"$350,000",1.0,1.5,1380,,1.0,3.0,1949.0,0
2537,2024-04-04,Kirkland,"$357,000",3.0,2.0,1430,,1.0,5.0,2022.0,0
3174,2024-06-15,Seattle,"$671,000",4.0,3.0,2600,17230.0,2.0,4.0,1968.0,0
1473,2024-01-21,Seattle,"$280,000",2.0,1.0,"1,230 sqft",6910.0,2.0,1.0,1984.0,0
1902,2024-04-25,Seattle,"$827,000",5.0,3.5,3140,4850.0,1.0,,,0
2407,2024-03-19,RENTON,"$410,000",2.0,1.0,1740,4840.0,1.5,4.0,2012.0,0
1866,2024-02-13,Renton,"$565,000",3.0,2.5,2550,2900.0,1.0,4.0,1905.0,0
2536,2024-05-14,Bellevue,"$1,295,000",6.0,4.0,4440,6600.0,1.5,5.0,,0
1885,2024-05-06,Seattle,"$552,000",3.0,2.5,2030,4950.0,1.0,5.0,1938.0,0
1478,2024-05-17,Redmond,"$243,000",2.0,1.0,880,14920.0,1.0,2.0,1924.0,0
2330,2024-04-07,seattle,"$445,000",3.0,2.5,1610,5280.0,1.5,4.0,1953.0,0
2567,2024-01-22,Seattle,"$338,000",1.0,1.0,1600,9790.0,1.5,4.0,1927.0,0
2343,2024-06-01,Bellevue,"$563,000",2.0,2.5,1660,6170.0,2.0,3.0,1998.0,0
1742,2024-03-02,Seattle,"$364,000",3.0,3.0,1180,5560.0,1.0,3.0,1999.0,0
3799,2024-03-25,Redmond,"$460,000",3.0,2.0,1920,9210.0,1.0,4.0,1906.0,0
2341,2024-02-20,Seattle,"$889,000",,4.0,3620,33630.0,2.0,4.0,1956.0,0
3651,2024-02-25,,"$281,000",1.0,2.0,1310,13390.0,2.0,2.0,2003.0,0
1133,2024-06-03,Redmond,"$598,000",3.0,3.0,1900,14390.0,3.0,3.0,1978.0,0
3804,2024-01-17,Redmond,"$606,000",4.0,3.5,2230,27320.0,2.0,3.0,1934.0,0
3617,2024-05-03,Seattle,"$316,000",3.0,2.5,1340,23630.0,2.5,3.0,1915.0,0
1982,2024-03-28,Kirkland,"$278,000",1.0,1.5,870,10560.0,1.5,3.0,2003.0,0
2234,2024-01-23,Redmond,"$347,000",2.0,1.5,1280,6270.0,1.0,3.0,2000.0,0
3080,2024-02-24,Seattle,"$317,000",2.0,1.5,1160,4100.0,1.0,5.0,2005.0,0
2629,2024-02-22,Seattle,"$340,000",2.0,2.0,1470,8290.0,2.0,4.0,1916.0,0
3277,2024-04-08,Redmond,"$371,000",3.0,3.0,1190,6560.0,1.5,3.0,1988.0,0
2757,2024-03-05,Seattle,"$408,000",2.0,1.5,1540,4680.0,2.0,1.0,1915.0,0
3496,2024-06-08,Bellevue,"$853,000",5.0,3.0,2700,4290.0,2.0,5.0,1995.0,0
2150,2024-02-01,Renton,"$410,000",3.0,3.0,1950,8550.0,2.0,5.0,,0
3461,2024-04-16,Renton,"$262,000",1.0,1.0,1420,10010.0,1.0,4.0,1901.0,0
3356,2024-03-30,Kirkland,"$770,000",3.0,3.0,2630,3590.0,1.0,3.0,2003.0,0
3552,2024-02-25,Bellevue ,"$754,000",4.0,3.0,2520,12060.0,2.0,3.0,2007.0,0
1257,2024-03-18,Kirkland,"$370,000",2.0,2.0,1180,3410.0,2.0,3.0,1979.0,0
1551,2024-06-18,Bellevue ,"$922,000",6.0,4.0,3010,8850.0,2.0,3.0,1917.0,0
1634,2024-03-27,Bellevue,"$770,000",4.0,2.0,2440,3090.0,1.0,5.0,1911.0,0
1899,2024-02-20,Seattle,"$1,044,000",6.0,4.5,4020,10880.0,2.0,3.0,2002.0,0
1290,2024-05-11,Seattle,"$297,000",2.0,2.0,1060,7920.0,1.0,2.0,1916.0,0
3433,2024-06-22,Redmond,"$1,032,000",5.0,3.5,3820,3140.0,1.5,4.0,1908.0,0
1778,2024-05-27,Seattle,"$529,000",4.0,2.0,2240,3460.0,2.0,3.0,1960.0,0
3393,2024-01-30,Bellevue,"$1,024,000",,4.0,3360,12360.0,2.0,5.0,1933.0,0
1054,2024-02-28, Redmond,"$579,000",3.0,2.0,2050,,1.0,3.0,2021.0,0
2808,2024-06-27,Bellevue,"$547,000",2.0,1.5,1730,5050.0,2.0,3.0,1996.0,0
3188,2024-06-28,Redmond,"$676,000",,2.0,2020,3320.0,1.0,5.0,1933.0,1
1558,2024-04-27,Bellevue,"$404,000",2.0,2.0,1240,26370.0,3.0,4.0,1910.0,0
3801,2024-05-29,renton,"$380,000",3.0,2.5,1930,19760.0,1.0,,1962.0,0
2986,2024-01-05,Renton,"$360,000",3.0,2.0,2100,11860.0,1.0,4.0,1927.0,0
1041,2024-05-19,Bellevue,"$427,000",2.0,1.0,1550,14140.0,1.5,4.0,2005.0,0
3216,2024-01-12,Seattle,"$453,000",3.0,1.5,1900,1500.0,1.5,3.0,2007.0,0
2173,2024-02-27,Seattle,"$552,000",3.0,1.5,2490,19460.0,2.0,3.0,1912.0,0
1262,2024-05-05,Kirkland,"$591,000",2.0,1.0,1830,28140.0,1.5,3.0,1961.0,0
3162,2024-04-05,Seattle,"$595,000",2.0,1.5,2270,9680.0,1.0,3.0,1965.0,0
3662,2024-01-05,Bellevue,"$708,000",3.0,3.0,2230,8370.0,2.0,3.0,,0
1084,2024-01-01,Seattle,"$429,000",3.0,2.0,1520,9130.0,1.0,4.0,2014.0,0
3435,2024-02-02,Redmond,"$935,000",5.0,3.5,3590,10170.0,1.0,3.0,1973.0,0
3456,2024-05-11,Bellevue,"$456,000",2.0,,1370,3180.0,1.5,5.0,1901.0,0
2890,2024-03-19,Bellevue,Not disclosed,5.0,3.5,3180,5030.0,2.0,4.0,,0
3061,2024-06-05,Renton,"$328,000",1.0,1.5,1500,4000.0,2.5,3.0,1945.0,0
3452,2024-02-05,Kirkland,"$872,000",4.0,2.0,3240,2120.0,2.0,3.0,1993.0,0
1209,2024-03-03,Seattle,$0,7.0,5.0,5490,7880.0,1.0,3.0,2021.0,0
3694,2024-06-25,Renton,"$420,000",3.0,2.0,2190,5090.0,1.0,3.0,1983.0,0
2914,2024-06-29,Bellevue,"$788,000",4.0,2.0,2610,11880.0,1.5,5.0,1994.0,0
2607,2024-04-14,Renton,"$523,000",3.0,2.0,2420,13510.0,1.5,3.0,2011.0,0
2021,2024-04-22,Renton,"$389,000",3.0,3.0,1650,10120.0,2.0,5.0,1910.0,0
3693,2024-04-19, Renton,"$627,000",5.0,3.0,2920,13230.0,2.0,4.0,1932.0,0
2404,2024-03-02,Seattle,"$587,000",4.0,2.5,2000,3580.0,1.5,4.0,2016.0,0
3076,2024-05-15,bellevue,"$424,000",2.0,1.5,1430,9550.0,1.5,,2003.0,0
1210,2024-02-17,Bellevue,"$642,000",4.0,2.0,1760,4040.0,1.0,,2021.0,0
1154,2024-05-06,Redmond,"$351,000",2.0,1.5,1270,11370.0,1.5,3.0,1931.0,0
3337,2024-02-02,Renton,"$321,000",3.0,2.5,1460,9260.0,1.5,4.0,2020.0,0
2591,2024-01-02,Seattle,"$422,000",3.0,2.0,1950,19140.0,2.0,,1987.0,0
2148,2024-02-18,Kirkland,"$785,000",5.0,2.5,2800,28650.0,1.5,3.0,1989.0,0
2968,2024-01-29,Kirkland,"$245,000",1.0,1.0,920,16090.0,2.0,3.0,2008.0,0
2634,2024-06-06,redmond,"$233,000",1.0,1.0,650,8790.0,1.0,3.0,2007.0,0
1598,2024-04-04,Redmond,"$933,000",4.0,,3280,,2.5,4.0,,0
2932,2024-03-17,Redmond,"$550,000",1.0,2.0,1400,7620.0,1.5,5.0,1927.0,1
2657,2024-03-06,Seattle,"$545,000",4.0,3.0,"1,620 sqft",4490.0,1.0,5.0,2017.0,0
1681,2024-02-23,Seattle,"$419,000",2.0,2.5,1620,6950.0,2.0,2.0,,0
2566,2024-03-04, Bellevue,"$594,000",3.0,3.5,2070,11690.0,2.0,3.0,1924.0,0
2329,2024-01-28,Seattle,"$638,000",5.0,4.0,2810,5340.0,2.0,4.0,1999.0,0
2519,2024-06-29,Seattle,"$363,000",2.0,1.5,1740,,1.0,3.0,1913.0,0
3506,2024-05-09,Seattle,"$565,000",4.0,3.5,2130,7940.0,2.0,5.0,1948.0,0
1222,2024-02-12,Bellevue,"$365,000",3.0,2.5,1540,2410.0,2.0,3.0,1981.0,0
1226,2024-06-10,Renton,"$270,000",1.0,,1140,3730.0,2.5,5.0,1950.0,0
3879,2024-04-10,Bellevue,"$665,000",5.0,3.5,2240,,2.0,3.0,1979.0,0
3392,2024-05-31,Kirkland,"$571,000",2.0,2.0,1920,11990.0,2.0,,1925.0,0
2761,2024-01-04,Seattle,"$337,000",3.0,3.0,1470,6870.0,1.0,3.0,1947.0,0
2361,2024-01-01,Redmond,"$837,000",5.0,3.5,2980,14010.0,2.0,5.0,2012.0,0
3909,2024-03-25,Renton,"$277,000",2.0,2.0,1720,7420.0,2.0,4.0,1933.0,0
3620,2024-02-27,Renton,"$505,000",3.0,2.0,2310,7790.0,1.5,5.0,1987.0,0
2493,2024-01-24,Redmond,"$546,000",2.0,1.0,2450,16580.0,1.5,4.0,1946.0,0
3224,2024-05-01,Seattle ,"$326,000",2.0,1.0,1520,6440.0,1.0,5.0,1920.0,0
3237,2024-02-29,Seattle,"$964,000",6.0,4.0,4150,3910.0,1.0,5.0,1910.0,0
3010,2024-01-04,Redmond,"$679,000",3.0,2.0,1730,3680.0,2.0,3.0,1984.0,1
1206,2024-01-01,Seattle,"$616,000",3.0,2.0,2290,6460.0,2.0,3.0,1950.0,1
2028,2024-01-17,Bellevue,"$938,000",3.0,2.5,3010,4910.0,2.0,3.0,2022.0,0
3745,2024-03-01,Bellevue,"$875,000",3.0,2.5,2170,7980.0,2.5,3.0,1933.0,1
3109,2024-02-12,Seattle,"$120,000,000",2.0,2.0,1420,3030.0,2.0,3.0,1991.0,0
2047,2024-04-20,Seattle,"$565,000",2.0,1.0,2490,3830.0,1.0,4.0,1921.0,0
1694,2024-04-26,Seattle,"$421,000",3.0,1.0,1930,10210.0,1.5,4.0,1921.0,0
3396,2024-05-19,Renton,"$488,000",3.0,2.5,2290,7530.0,3.0,5.0,1990.0,0
3360,2024-06-30,Seattle,"$481,000",3.0,1.5,2140,9330.0,1.0,4.0,1928.0,0
2187,2024-03-16,Bellevue,"$450,000",1.0,1.5,1470,3400.0,1.5,3.0,2022.0,0
2370,2024-05-22,Seattle,"$353,000",2.0,1.0,1480,25930.0,2.5,3.0,1907.0,0
2908,2024-05-18,Seattle,"$413,000",3.0,2.0,"2,030 sqft",18450.0,2.5,5.0,1913.0,0
1017,2024-04-27,Redmond,"$730,000",6.0,4.5,2860,10430.0,1.0,4.0,1941.0,0
3856,2024-01-10,Renton,"$268,000",1.0,1.5,1470,19120.0,2.0,3.0,1948.0,0
2677,2024-06-22,kirkland,"$412,000",2.0,1.5,1630,8260.0,1.0,4.0,1934.0,0
2185,2024-01-12,Seattle,"$626,000",3.0,2.0,2670,2080.0,1.5,3.0,,0
1657,2024-03-21,Renton,"$311,000",2.0,2.0,1570,16390.0,2.0,4.0,1932.0,0
2572,2024-03-27,Redmond,"$402,000",2.0,2.0,"1,490 sqft",6750.0,1.0,4.0,2016.0,0
2738,2024-03-13,Seattle,"$166,000",1.0,1.0,780,16810.0,1.0,3.0,1904.0,0
2420,2024-06-23,Renton,"$433,000",1.0,1.0,1960,3680.0,1.5,3.0,1963.0,0
1400,2024-03-14,Bellevue,"$278,000",1.0,1.0,980,8200.0,1.0,3.0,1913.0,0
1619,2024-03-21,Seattle,"$270,000",1.0,1.5,1260,4870.0,2.0,3.0,1905.0,0
1509,2024-04-11,Bellevue,"$485,000",3.0,1.5,1930,9810.0,1.0,3.0,1967.0,0
1868,2024-04-01,Kirkland,"$484,000",2.0,1.5,1700,17800.0,1.0,3.0,2017.0,0
1887,2024-06-12,Bellevue,"$451,000",2.0,1.0,1710,3710.0,3.0,3.0,1936.0,0
3111,2024-05-05,Bellevue,"$352,000",1.0,1.0,1010,4520.0,1.0,4.0,1903.0,0
1600,2024-03-23,REDMOND,"$850,000",5.0,3.0,3000,20500.0,1.0,4.0,1999.0,0
3155,2024-01-02,Redmond,"$374,000",3.0,2.0,1470,5710.0,2.0,4.0,1958.0,0
1458,2024-01-27,Bellevue,"$455,000",2.0,1.5,1310,2430.0,1.5,3.0,1956.0,0
2118,2024-04-25,Kirkland,"$768,000",4.0,3.0,2590,2700.0,1.5,5.0,1985.0,0
1871,2024-01-11,Kirkland,"$556,000",3.0,1.5,2110,7370.0,2.0,4.0,1905.0,0
1791,2024-02-20,Seattle,"$596,000",3.0,2.5,2610,11080.0,1.0,3.0,1912.0,0
1955,2024-02-03,Renton,"$357,000",2.0,2.5,1640,4780.0,1.0,3.0,1990.0,0
1651,2024-05-12,Bellevue,"$565,000",3.0,1.5,1860,16780.0,2.0,3.0,1967.0,0
1734,2024-01-01,Bellevue,"$585,000",,1.5,1910,5400.0,1.0,4.0,1927.0,0
3842,2024-04-12,Bellevue,"$1,291,000",5.0,3.0,4620,5780.0,2.0,3.0,1929.0,0
1380,2024-06-23,Kirkland,"$449,000",3.0,2.0,1790,15250.0,1.0,3.0,,0
1957,2024-05-17,Kirkland,"$390,000",3.0,2.0,1470,23120.0,3.0,4.0,1922.0,0
1172,2024-01-06,Bellevue,"$528,000",3.0,2.0,1850,7470.0,2.0,3.0,,0
2945,2024-02-02,Kirkland,"$558,000",4.0,3.5,2330,8290.0,2.0,3.0,1909.0,0
1660,2024-02-07,Bellevue,"$1,123,000",6.0,,3570,17260.0,2.0,5.0,1920.0,0
3121,2024-05-14,Seattle,"$482,000",2.0,2.5,1470,7390.0,1.5,4.0,1930.0,1
2095,2024-05-15,Redmond,"$664,000",4.0,2.0,2370,14600.0,2.0,4.0,1970.0,0
3479,2024-06-12,Bellevue,"$918,000",5.0,3.5,2980,15070.0,1.5,4.0,2023.0,0
1643,2024-01-13,Seattle,"$240,000",1.0,1.5,980,9380.0,1.0,3.0,2019.0,0
1169,2024-04-30,Seattle,"$361,000",,2.0,1580,7170.0,1.5,4.0,2019.0,0
2518,2024-05-27,Renton ,"$325,000",1.0,1.0,1450,26880.0,2.5,4.0,1992.0,0
2801,2024-05-04,Redmond,"$210,000",1.0,2.5,870,15540.0,2.0,3.0,1968.0,0
3385,2024-04-01,SEATTLE,"$791,000",3.0,1.5,3030,16290.0,1.0,,2012.0,0
2918,2024-01-26,Kirkland,"$435,000",3.0,3.0,1700,3720.0,1.0,4.0,1982.0,0
1273,2024-01-23,Seattle,"$413,000",1.0,1.0,1690,,2.0,5.0,2020.0,0
2216,2024-01-26,BELLEVUE,"$578,000",3.0,2.5,1820,5070.0,1.0,5.0,2011.0,0
2119,2024-02-06,Seattle,"$505,000",4.0,3.0,1840,7570.0,2.0,3.0,2012.0,0
3501,2024-02-01,Seattle,"$714,000",4.0,3.5,"2,720 sqft",4580.0,1.0,4.0,1958.0,0
2067,2024-01-31,Bellevue,"$392,000",2.0,1.5,1230,10180.0,2.0,4.0,2010.0,0
3105,2024-03-08,Redmond,"$290,000",1.0,1.0,1450,10120.0,2.0,,1920.0,0
3265,2024-03-12,Redmond,"$346,000",0.0,1.0,1260,9340.0,1.5,3.0,1926.0,0
3334,2024-02-02,Seattle ,"$203,000",3.0,,1120,3440.0,2.0,3.0,1950.0,0
2913,2024-02-13,Renton,"$509,000",4.0,2.5,2580,12840.0,1.0,4.0,2011.0,0
1039,2024-01-02,Seattle,"$446,000",3.0,1.5,1870,8970.0,1.5,4.0,2001.0,0
1307,2024-02-25,bellevue,"$302,000",1.0,1.0,1270,10110.0,1.5,3.0,1975.0,0
1007,2024-05-25,,"$491,000",3.0,1.5,1460,18700.0,1.0,3.0,,0
1782,2024-05-24,RENTON,"$230,000",1.0,1.5,1450,6190.0,1.0,3.0,1930.0,0
2191,2024-05-24,Bellevue,"$703,000",3.0,2.5,2150,6120.0,2.0,2.0,2001.0,0
1535,2024-05-04,Seattle,"$259,000",2.0,1.0,980,3270.0,1.5,4.0,1984.0,0
1584,2024-01-07,Bellevue,"$652,000",2.0,2.0,2220,6420.0,1.0,4.0,1950.0,0
3412,2024-06-09,Renton,"$400,000",1.0,1.5,1850,,2.0,4.0,2019.0,0
3962,2024-06-04,Renton,"$354,000",3.0,2.0,1920,3040.0,1.5,3.0,1945.0,0
3554,2024-02-21,Renton,"$783,000",5.0,3.0,3710,11970.0,2.0,2.0,,0
3768,2024-03-01,Redmond,"$438,000",,1.0,1720,3430.0,1.0,4.0,1991.0,0
3774,2024-03-11,Seattle,"$641,000",,2.5,2710,11050.0,3.0,3.0,1982.0,0
1317,2024-05-26,Bellevue,"$626,000",3.0,4.0,2030,4630.0,1.0,1.0,1947.0,0
2795,2024-05-16,Renton,"$344,000",,2.0,1310,8040.0,1.0,2.0,1951.0,0
1272,2024-02-24,Seattle,"$517,000",0.0,2.0,2210,,1.0,,1978.0,0
1549,2024-03-17,Kirkland,"$748,000",3.0,2.0,2590,3830.0,3.0,4.0,2016.0,0
2693,2024-05-31,Seattle,"$457,000",3.0,3.0,2180,7190.0,1.0,4.0,1945.0,0
2720,2024-03-14,Kirkland,"$584,000",3.0,2.0,2210,5340.0,1.0,3.0,1938.0,0
3778,2024-06-20,Bellevue,"$751,000",3.0,2.5,2570,8040.0,2.0,4.0,1992.0,0
3788,2024-04-08,Bellevue,"$581,000",2.0,1.0,2000,8320.0,1.0,4.0,2012.0,0
1599,2024-01-25,Renton,"$297,000",2.0,1.0,"1,780 sqft",8950.0,2.0,3.0,1932.0,0
2690,2024-06-01,Bellevue,"$574,000",3.0,3.0,1950,8250.0,1.0,4.0,2004.0,0
1895,2024-03-03,Kirkland,"$489,000",1.0,1.0,2060,6230.0,1.0,4.0,1967.0,0
3630,2024-02-07,Seattle,"$522,000",3.0,2.0,2220,2490.0,1.5,4.0,1971.0,0
2776,2024-06-20,Bellevue,"$415,000",2.0,2.0,1430,13880.0,1.0,4.0,1909.0,0
1571,2024-05-21,Seattle,"$281,000",2.0,2.5,1250,10390.0,2.0,2.0,1996.0,0
3000,2024-05-29,Bellevue,"$1,053,000",6.0,3.5,3480,13280.0,2.5,3.0,1941.0,0
3123,2024-03-14,Seattle,"$572,000",3.0,3.0,1890,7770.0,2.0,4.0,1944.0,1
1062,2024-03-16,Bellevue,"$458,000",2.0,1.5,1600,5690.0,2.0,3.0,1963.0,0
2248,2024-05-18,Seattle,"$767,000",4.0,2.5,2900,4580.0,3.0,3.0,1984.0,0
1302,2024-06-09,Seattle,"$486,000",2.0,2.0,1600,5370.0,1.5,4.0,1989.0,0
2260,2024-05-10,Renton,"$451,000",4.0,2.5,2330,7290.0,2.0,3.0,2050.0,0
1810,2024-01-15,Renton,"$280,000",1.0,1.0,1050,17000.0,1.5,2.0,1997.0,0
2050,2024-04-17,Seattle,"$436,000",2.0,1.0,1680,18550.0,1.5,1.0,1905.0,0
3465,2024-06-28,Seattle,"$647,000",4.0,2.5,2870,7960.0,2.5,2.0,,0
1108,2024-01-06,Seattle,"$707,000",6.0,4.5,2950,5230.0,2.0,1.0,1909.0,0
3154,2024-05-28,Kirkland,"$501,000",3.0,2.0,1350,7940.0,1.0,4.0,,1
1674,2024-05-02,Kirkland,"$398,000",1.0,1.5,1070,8650.0,3.0,4.0,1972.0,0
1666,2024-02-21,Kirkland,"$294,000",1.0,1.0,1020,6430.0,2.0,3.0,,0
1510,2024-06-25,Seattle,"$528,000",4.0,2.5,1940,20720.0,2.0,5.0,1926.0,0
3180,2024-05-23,Renton,"$381,000",2.0,1.5,1910,14590.0,1.0,5.0,1919.0,0
2641,2024-06-20,Kirkland,"$612,000",3.0,2.5,2220,3100.0,2.5,4.0,1909.0,0
3832,2024-06-03,Bellevue,"$451,000",3.0,2.0,1680,9010.0,3.0,5.0,1987.0,0
2533,2024-06-16,Redmond,"$595,000",4.0,3.0,2290,11180.0,1.0,3.0,1999.0,0
1867,2024-03-28,Renton,"$387,000",4.0,2.5,1870,45070.0,1.5,3.0,1973.0,0
2856,2024-01-17,Renton,"$771,000",5.0,3.5,3800,9270.0,2.0,2.0,1976.0,0
2737,2024-03-04,Renton,"$326,000",4.0,3.5,1440,3910.0,1.0,5.0,1999.0,0
3178,2024-05-02,Kirkland,"$492,000",2.0,2.0,1780,17660.0,2.0,3.0,1991.0,0
2061,2024-02-29,RENTON,"$268,000",2.0,2.0,1490,,1.5,3.0,1964.0,0
3106,2024-01-17,Kirkland,"$232,000",2.0,1.5,1070,,3.0,3.0,1984.0,0
3750,2024-06-14,Seattle,"$463,000",3.0,1.5,1660,8510.0,1.0,3.0,1983.0,0
2974,2024-06-02,Bellevue,"$728,000",4.0,3.5,2500,7180.0,1.0,,1924.0,0
1590,2024-06-21,Seattle,"$423,000",3.0,2.5,1700,3760.0,2.0,3.0,1945.0,0
3423,2024-05-02,Kirkland,"$741,000",2.0,2.0,2580,14620.0,3.0,5.0,1939.0,0
3631,2024-01-02,Seattle,"$387,000",2.0,1.0,1200,5900.0,1.0,3.0,,0
1087,2024-05-16,,"$200,000",1.0,1.0,930,3740.0,2.0,3.0,1948.0,0
3914,2024-04-01,Redmond,"$754,000",4.0,2.5,2660,5040.0,1.0,3.0,2001.0,0
1772,2024-06-07,Redmond,"$620,000",3.0,2.5,2280,4460.0,1.0,4.0,1961.0,0
3394,2024-04-25,Seattle,"$897,000",5.0,3.5,3860,4780.0,1.5,4.0,1910.0,0
2250,2024-02-10,Renton,"$259,000",1.0,1.5,1160,4790.0,1.0,3.0,1948.0,0
1709,2024-05-10,Bellevue,"$1,044,000",,3.5,3400,3850.0,1.5,3.0,1951.0,0
3416,2024-02-24,Seattle,"$557,000",3.0,2.5,2270,11400.0,1.0,3.0,1998.0,0
2861,2024-04-02,Redmond,"$406,000",2.0,1.5,1840,11360.0,1.0,2.0,2050.0,0
3129,2024-02-18,Seattle,"$610,000",3.0,2.5,2520,7530.0,1.0,3.0,1944.0,0
3663,2024-06-30,Bellevue,"$620,000",3.0,1.5,2130,4560.0,1.0,3.0,1947.0,0
1419,2024-03-04,Seattle,"$574,000",3.0,2.5,"2,200 sqft",6230.0,2.5,2.0,1967.0,0
2462,2024-04-01,Bellevue,"$366,000",1.0,1.5,1270,7500.0,2.0,3.0,1973.0,0
2485,2024-06-28,Redmond,"$567,000",3.0,2.0,2120,7650.0,2.0,3.0,1937.0,0
3789,2024-05-05,Renton,$0,5.0,3.5,2510,12310.0,1.5,3.0,1950.0,0
3901,2024-03-17,Bellevue,"$554,000",3.0,2.0,1430,3630.0,2.0,3.0,1927.0,1
1852,2024-03-06,Seattle,"$875,000",5.0,4.5,3600,2800.0,2.0,4.0,2003.0,0
2005,2024-03-27,Redmond,"$562,000",3.0,2.5,2240,10460.0,2.0,2.0,2022.0,0
2997,2024-05-23,Seattle,"$715,000",5.0,3.5,2750,3600.0,1.5,3.0,1976.0,0
2835,2024-06-29,SEATTLE,"$732,000",3.0,3.0,2750,14680.0,2.0,3.0,1941.0,0
3388,2024-06-05,Seattle,"$556,000",4.0,2.0,2420,5860.0,2.0,4.0,1941.0,0
1437,2024-03-18,Seattle,"$539,000",4.0,3.5,1990,11460.0,2.0,3.0,2010.0,0
2317,2024-05-11, Redmond,"$818,000",4.0,3.0,3170,15240.0,2.0,4.0,1960.0,0
2624,2024-05-10,Seattle,"$558,000",3.0,3.0,2160,7460.0,1.0,5.0,2015.0,0
2481,2024-02-25,Bellevue,"$461,000",3.0,3.0,1460,4660.0,1.0,3.0,1948.0,0
2649,2024-02-25,renton,"$610,000",4.0,3.5,2520,16670.0,2.0,4.0,1960.0,0
2004,2024-04-13,Seattle,"$839,000",4.0,3.0,2890,10340.0,3.0,4.0,1961.0,0
2279,2024-04-10,Renton ,"$338,000",2.0,1.0,2110,5580.0,3.0,3.0,1990.0,0
2824,2024-05-17,Redmond,"$708,000",3.0,2.5,2020,9550.0,1.0,3.0,1947.0,1
3448,2024-01-31,Bellevue,"$774,000",3.0,2.0,2920,6480.0,1.0,4.0,1925.0,0
3903,2024-02-14,Seattle,"$215,000",1.0,1.0,950,16900.0,1.0,4.0,1988.0,0
2837,2024-06-22,Seattle,"$735,000",5.0,3.5,3330,,1.5,3.0,1919.0,0
3859,2024-04-02,Kirkland,"$545,000",4.0,2.0,1920,9740.0,1.0,3.0,2020.0,0
2547,2024-05-20,Seattle,"$582,000",3.0,3.0,2180,5130.0,1.0,3.0,1985.0,0
1336,2024-04-17,Redmond,"$453,000",2.0,1.0,1700,13470.0,1.5,2.0,1929.0,0
1089,2024-02-05,Seattle,"$674,000",3.0,2.5,3210,7250.0,1.0,,1934.0,0
1875,2024-03-20,Kirkland,"$568,000",2.0,2.0,2010,16250.0,2.5,3.0,1967.0,0
3645,2024-04-18, Seattle,"$469,000",2.0,1.5,1610,5130.0,3.0,5.0,1926.0,0
1544,2024-06-10,Renton,"$236,000",1.0,1.0,900,4130.0,2.5,3.0,1991.0,0
2242,2024-02-28,Seattle,"$375,000",3.0,3.0,1310,23960.0,1.5,,1944.0,0
2881,2024-03-27,Bellevue,"$533,000",3.0,,1870,6510.0,1.0,3.0,1942.0,0
3911,2024-06-11,Kirkland,"$514,000",4.0,3.5,2250,29030.0,2.0,3.0,1916.0,0
3511,2024-03-06,Bellevue,"$578,000",3.0,3.0,1870,16410.0,2.0,4.0,1957.0,0
1320,2024-03-11,Renton,"$251,000",2.0,2.0,1160,12010.0,1.5,3.0,1924.0,0
1520,2024-06-10,kirkland,$0,5.0,4.5,3750,6580.0,2.0,3.0,1976.0,0
3715,2024-01-24,Renton,"$294,000",2.0,1.0,1410,5660.0,2.0,4.0,2022.0,0
1879,2024-05-08,Redmond,"$413,000",2.0,1.0,"1,710 sqft",11490.0,1.0,4.0,1915.0,0
1826,2024-06-03,Seattle,"$529,000",4.0,4.0,2180,11300.0,2.0,4.0,1956.0,0
2291,2024-01-14,bellevue,"$424,000",2.0,1.5,1250,5960.0,1.0,3.0,1999.0,0
3586,2024-04-06,Bellevue,"$712,000",4.0,,2530,3580.0,1.5,3.0,1968.0,0
3565,2024-06-12,Redmond,"$591,000",5.0,3.5,2340,4110.0,2.5,3.0,1911.0,0
1139,2024-06-29,Kirkland,"$540,000",2.0,1.0,2040,2010.0,2.5,4.0,1959.0,0
1164,2024-05-10,Seattle,"$749,000",5.0,3.5,3030,4590.0,1.0,3.0,1989.0,0
2619,2024-03-16,Renton,"$331,000",3.0,2.5,1500,27130.0,2.0,2.0,1949.0,0
3848,2024-03-14,Seattle,"$396,000",2.0,2.5,1720,2730.0,1.0,3.0,1993.0,0
2792,2024-01-13,Seattle,"$485,000",3.0,2.0,"2,070 sqft",7230.0,1.5,3.0,2014.0,0
2046,2024-06-17,Seattle,"$672,000",5.0,3.5,2470,4250.0,1.5,2.0,1989.0,0
1961,2024-05-26,Bellevue,"$452,000",3.0,2.5,1310,7340.0,2.0,5.0,2005.0,0
2751,2024-05-16,Redmond,"$337,000",1.0,1.5,1530,9650.0,2.0,5.0,1920.0,0
3587,2024-01-16,Seattle,"$272,000",2.0,2.5,1350,6670.0,3.0,2.0,1949.0,0
3880,2024-02-06,Seattle,"$516,000",4.0,3.0,2320,,1.0,3.0,1963.0,0
2505,2024-01-22,Kirkland,"$676,000",4.0,2.5,2530,8320.0,2.5,3.0,2007.0,0
3418,2024-05-05,Bellevue,"$451,000",2.0,1.5,1560,5310.0,1.0,2.0,1960.0,0
3980,2024-03-08,Renton,"$457,000",2.0,1.0,2320,13080.0,1.5,3.0,1904.0,0
2060,2024-06-08,Kirkland,"$500,000",2.0,1.5,1710,8000.0,1.0,4.0,1960.0,0
3742,2024-03-19,Kirkland,"$418,000",2.0,1.5,1690,7020.0,1.5,3.0,1943.0,0
1656,2024-04-19,Seattle,"$354,000",2.0,1.5,1440,11630.0,2.0,3.0,1974.0,0
3065,2024-05-27,Bellevue,"$779,000",3.0,3.5,2500,8650.0,1.5,4.0,1988.0,0
3346,2024-03-02,Seattle,"$346,000",3.0,2.5,1630,3110.0,2.0,3.0,1951.0,0
1138,2024-03-08,Bellevue,"$763,000",3.0,2.5,2570,4860.0,1.0,3.0,1950.0,0
3387,2024-04-24,Renton,"$443,000",3.0,3.5,2080,36790.0,3.0,3.0,1988.0,0
2977,2024-04-08,Bellevue,"$565,000",1.0,1.0,1840,7810.0,3.0,4.0,1930.0,0
2582,2024-04-21,Seattle,"$506,000",3.0,1.5,1960,3460.0,2.0,4.0,1935.0,0
1698,2024-05-24,Redmond,$0,4.0,3.5,2450,10510.0,1.0,3.0,1918.0,0
2098,2024-06-29,Kirkland,"$347,000",2.0,2.0,1240,12240.0,2.0,3.0,1930.0,0
3302,2024-01-31,Kirkland,"$370,000",2.0,1.5,1530,4490.0,1.0,3.0,,0
3636,2024-03-02,Bellevue,"$538,000",2.0,2.0,1820,4290.0,1.0,3.0,1901.0,0
2393,2024-01-22,Seattle,"$500,000",3.0,1.5,1630,2380.0,2.0,2.0,,1
3946,2024-03-18,Bellevue,"$815,000",4.0,2.5,2980,11360.0,1.0,3.0,1920.0,0
2267,2024-04-20,Seattle,"$461,000",4.0,2.5,2120,4120.0,2.0,4.0,1973.0,0
1136,2024-02-01,Seattle,"$949,000",5.0,2.5,3930,5000000.0,2.5,3.0,1922.0,0
2170,2024-02-19,Seattle,"$325,000",2.0,1.5,1450,,2.0,4.0,1916.0,0
3136,2024-06-17,Bellevue ,"$455,000",3.0,,1500,2630.0,1.0,4.0,1934.0,0
2504,2024-01-01,Bellevue,"$488,000",3.0,,1640,8620.0,1.0,3.0,2000.0,0
2363,2024-01-29,Redmond,"$586,000",3.0,2.5,2230,6640.0,1.5,4.0,2001.0,0
3425,2024-01-23,Renton,"$410,000",4.0,2.5,1860,13420.0,1.5,4.0,1956.0,0
1149,2024-04-18,Bellevue,"$445,000",1.0,1.0,1290,4940.0,1.0,5.0,2022.0,0
1304,2024-06-29,Bellevue,"$917,000",4.0,3.5,2790,11920.0,2.0,5.0,2021.0,0
2018,2024-05-08,Kirkland,"$414,000",3.0,2.0,1470,5610.0,2.0,3.0,1962.0,0
2925,2024-06-23,Seattle,"$421,000",2.0,2.0,1520,3290.0,1.0,3.0,1991.0,0
2053,2024-01-18,Seattle,"$372,000",2.0,2.0,1530,3190.0,1.5,4.0,1980.0,0
3753,2024-02-18,Kirkland,"$246,000",2.0,1.5,1040,8930.0,2.0,4.0,1963.0,0
3381,2024-03-13,Kirkland,"$435,000",2.0,2.0,1790,6520.0,1.0,5.0,1901.0,0
2905,2024-05-19,Redmond,"$454,000",3.0,2.5,1330,,2.0,5.0,2001.0,0
3839,2024-06-01,Bellevue,"$696,000",4.0,3.5,2330,5360.0,2.0,4.0,1969.0,0
1199,2024-03-16,Seattle,"$392,000",2.0,1.5,1500,5650.0,1.0,4.0,1949.0,0
2769,2024-04-18,Seattle,"$436,000",2.0,1.0,1600,3210.0,1.5,3.0,1947.0,0
3241,2024-01-12,Seattle,"$402,000",2.0,2.0,1360,9950.0,1.0,4.0,2002.0,0
1405,2024-06-29,Renton,"$442,000",2.0,1.5,2250,6570.0,3.0,3.0,1935.0,0
3679,2024-05-16,Kirkland,"$541,000",2.0,1.5,1490,13490.0,2.0,3.0,1963.0,1
1682,2024-03-31,Seattle,"$351,000",3.0,3.0,990,12480.0,2.0,3.0,2005.0,0
1484,2024-03-12,Seattle,"$503,000",4.0,3.0,1980,5960.0,2.0,4.0,1970.0,0
2183,2024-02-20,Seattle,"$383,000",,1.5,1540,15920.0,1.5,3.0,1970.0,0
2340,2024-04-28,Bellevue,"$693,000",2.0,1.5,2180,8190.0,1.0,4.0,1990.0,0
2281,2024-04-02,Bellevue,"$504,000",2.0,2.0,1810,8300.0,2.0,3.0,,0
2032,2024-03-24,Kirkland,"$558,000",4.0,3.0,1750,8370.0,2.0,5.0,1968.0,0
1792,2024-03-28,Bellevue,"$493,000",3.0,2.0,1830,7630.0,1.0,3.0,1994.0,0
1800,2024-04-29,Kirkland,"$1,326,000",7.0,4.0,5150,3000.0,1.0,,1929.0,0
2202,2024-04-03,REDMOND,"$345,000",2.0,1.0,1310,,1.0,4.0,1919.0,0
1423,2024-03-11,Seattle,"$176,000",1.0,1.0,740,8190.0,2.5,3.0,1949.0,0
2395,2024-03-21,KIRKLAND,"$523,000",3.0,2.0,2240,4940.0,1.0,3.0,1943.0,0
2884,2024-03-21,Kirkland,"$978,000",6.0,3.5,3670,3710.0,1.0,3.0,1941.0,0
3974,2024-03-08,Renton,"$408,000",3.0,,1940,20930.0,1.0,4.0,1913.0,0
2480,2024-04-23,Bellevue,"$730,000",3.0,2.5,2470,2410.0,2.0,3.0,1909.0,0
2929,2024-03-06,Seattle,"$626,000",3.0,2.5,2340,10520.0,1.5,3.0,2003.0,0
3540,2024-02-05,Bellevue,"$734,000",3.0,2.0,2240,6470.0,1.0,4.0,1977.0,0
2530,2024-02-09,Seattle,"$635,000",5.0,4.0,2780,18990.0,1.5,4.0,1950.0,0
1903,2024-03-09,Seattle,"$517,000",3.0,1.5,2100,7100.0,2.0,3.0,2002.0,0
1686,2024-04-16,Seattle ,"$381,000",4.0,2.0,2150,8230.0,3.0,3.0,1959.0,0
2552,2024-03-10,Bellevue,"$552,000",2.0,1.0,1940,15940.0,2.0,4.0,1915.0,0
1160,2024-04-08,Kirkland,"$706,000",4.0,3.5,2640,5260.0,1.0,3.0,1931.0,0
2000,2024-02-14,Seattle,"$548,000",3.0,2.0,2150,7200.0,2.0,3.0,1992.0,0
3895,2024-04-20,Renton,"$979,000",7.0,4.5,4610,5330.0,2.0,3.0,2011.0,0
3844,2024-03-02,Seattle,"$449,000",3.0,2.5,"1,980 sqft",,2.0,1.0,2016.0,0
3251,2024-02-05,Bellevue,"$1,508,000",7.0,4.5,5420,9010.0,2.0,2.0,1947.0,0
1113,2024-04-10,Seattle ,"$430,000",2.0,1.5,1670,7090.0,1.0,4.0,1943.0,0
3870,2024-02-21,Seattle,"$523,000",3.0,2.0,2430,11890.0,1.0,5.0,1965.0,0
2447,2024-05-30,Renton,"$293,000",2.0,1.0,1200,35510.0,1.0,3.0,1978.0,0
2953,2024-04-25,Kirkland ,"$382,000",1.0,1.0,1680,14140.0,1.0,3.0,1965.0,0
1923,2024-02-18,Redmond,"$377,000",1.0,1.0,990,15440.0,1.0,4.0,1991.0,0
2625,2024-03-20,Bellevue,"$754,000",4.0,2.5,2230,12560.0,2.0,5.0,2009.0,0
3601,2024-02-12,Bellevue,"$619,000",3.0,2.5,2010,29580.0,2.0,4.0,,0
2320,2024-06-04,Renton,"$442,000",3.0,3.0,2250,4870.0,2.0,2.0,1925.0,0
2664,2024-06-02,Seattle,Not disclosed,2.0,2.0,1680,,1.5,3.0,1915.0,0
1816,2024-04-27,Renton,"$310,000",2.0,1.5,1470,5940.0,3.0,3.0,1943.0,0
3267,2024-03-03,Kirkland,"$454,000",3.0,2.5,1760,9820.0,2.0,3.0,2007.0,0
2474,2024-05-07,Bellevue,"$412,000",1.0,2.0,1580,4950.0,1.0,3.0,1936.0,0
2774,2024-04-24,,"$406,000",4.0,2.0,2200,4720.0,1.0,2.0,1901.0,0
1680,2024-06-08,Bellevue,"$422,000",2.0,2.0,1550,4550.0,1.0,3.0,1960.0,0
3905,2024-04-01,Bellevue,"$388,000",,,1450,5780.0,1.0,4.0,1984.0,0
2094,2024-04-29,Seattle,"$384,000",3.0,2.0,1520,4060.0,2.0,3.0,1917.0,0
1081,2024-02-09,Redmond,"$512,000",3.0,2.5,1980,1500.0,1.0,5.0,2020.0,0
2951,2024-02-09,Renton,"$402,000",4.0,2.5,1720,3110.0,1.5,4.0,2004.0,0
2240,2024-03-30,Seattle,"$488,000",3.0,2.0,1950,4640.0,1.5,4.0,1902.0,0
1330,2024-05-02,Seattle,"$570,000",3.0,3.0,2130,7440.0,2.5,4.0,1947.0,0
1243,2024-02-02,Seattle,"$317,000",2.0,2.0,1030,8580.0,2.0,3.0,1924.0,0
1642,2024-02-05,Kirkland,"$397,000",2.0,2.0,1540,6300.0,1.0,3.0,1952.0,0
1697,2024-04-16,Kirkland,"$735,000",3.0,3.0,2370,4730.0,1.0,5.0,1912.0,1
3258,2024-04-26,,"$514,000",3.0,1.0,1970,,2.0,5.0,1953.0,0
1754,2024-05-04,Bellevue,"$327,000",2.0,2.0,1240,11400.0,1.5,3.0,1960.0,0
1436,2024-01-11,Seattle,"$448,000",2.0,1.5,2110,3810.0,1.5,2.0,2022.0,0
2564,2024-03-29,Renton,"$396,000",2.0,1.5,1610,10060.0,2.0,3.0,1913.0,0
2935,2024-02-25,Kirkland,"$435,000",2.0,1.0,1690,2750.0,1.0,4.0,1937.0,0
3783,2024-04-06,Redmond,"$550,000",3.0,2.0,1750,7400.0,1.5,5.0,2020.0,0
2713,2024-02-14,Renton,"$269,000",3.0,3.0,1420,4550.0,2.0,4.0,1902.0,0
1552,2024-04-07,Seattle,"$693,000",4.0,2.5,"2,580 sqft",3560.0,1.0,5.0,2000.0,0
3626,2024-05-09, Bellevue,"$370,000",2.0,1.5,1550,6100.0,1.5,5.0,1901.0,0
1602,2024-01-01,Kirkland,"$615,000",,1.5,2240,,1.0,3.0,1973.0,0
2965,2024-01-11,Kirkland,"$722,000",5.0,3.5,2950,6670.0,1.0,4.0,1920.0,0
2014,2024-03-11,Renton,"$650,000",6.0,3.0,3000,14720.0,1.0,3.0,1996.0,0
3806,2024-04-10,Seattle,"$237,000",1.0,2.0,1020,,2.5,3.0,1908.0,0
2428,2024-04-18,SEATTLE,"$562,000",3.0,1.5,2150,27810.0,1.5,5.0,1957.0,0
3013,2024-02-13,Seattle,"$902,000",4.0,3.5,3680,6870.0,1.0,3.0,,0
2387,2024-03-24,Kirkland,"$1,405,000",7.0,5.0,5480,6000.0,2.0,4.0,1959.0,0
2296,2024-03-20,Bellevue,"$383,000",1.0,1.0,1500,3400.0,1.0,5.0,1923.0,0
1467,2024-06-02,Redmond,"$401,000",3.0,2.5,1600,7740.0,2.0,3.0,1944.0,0
2500,2024-05-01,Redmond,"$589,000",4.0,3.5,2290,5170.0,2.5,4.0,1914.0,0
3592,2024-02-09,renton,"$341,000",4.0,3.5,1800,6870.0,1.0,4.0,1977.0,0
3961,2024-01-19,Kirkland,"$760,000",5.0,4.0,2880,6380.0,1.0,4.0,1945.0,0
1278,2024-01-23,Bellevue,"$641,000",,1.5,1930,2450.0,1.0,5.0,1990.0,0
2070,2024-04-15,Bellevue,"$676,000",2.0,1.0,2090,12410.0,2.0,3.0,1990.0,0
2549,2024-01-12,Seattle,"$429,000",3.0,2.5,1870,10420.0,2.0,3.0,1904.0,0
2025,2024-05-03,Redmond,"$747,000",4.0,4.0,2680,6590.0,1.0,4.0,,0
2466,2024-04-10,Redmond ,"$313,000",,1.0,1330,2220.0,2.5,2.0,1956.0,0
1941,2024-05-14,Seattle,"$360,000",2.0,1.5,1240,8640.0,1.5,2.0,2000.0,0
2467,2024-01-01,Bellevue,"$343,000",2.0,2.0,1220,4040.0,3.0,3.0,1981.0,0
2324,2024-01-03,Kirkland,"$274,000",3.0,2.0,1030,11490.0,1.0,4.0,1928.0,0
2400,2024-02-25,Bellevue,"$1,011,000",4.0,,3250,12830.0,1.5,4.0,1976.0,0
3502,2024-02-03,Redmond,"$352,000",2.0,1.5,1370,,2.0,5.0,1977.0,0
2450,2024-02-06,Seattle,"$559,000",3.0,3.5,2240,9220.0,1.5,4.0,1996.0,0
1907,2024-05-09,bellevue,"$535,000",2.0,2.0,1790,6410.0,1.0,5.0,1983.0,0
3696,2024-01-28,Seattle,"$573,000",3.0,1.5,2410,2340.0,2.0,4.0,1966.0,0
2896,2024-05-02,Seattle,"$715,000",,4.0,2980,4120.0,1.0,3.0,2000.0,0
1389,2024-03-06,Seattle,"$366,000",2.0,1.0,1700,17250.0,2.0,3.0,1908.0,0
3071,2024-06-25,Renton,"$506,000",3.0,2.5,2210,8170.0,2.5,5.0,1925.0,0
3386,2024-01-21,Kirkland,"$465,000",3.0,2.0,970,2830.0,1.0,3.0,1976.0,1
3173,2024-01-14,Bellevue,"$428,000",1.0,1.5,1430,2570.0,2.0,3.0,1932.0,0
1881,2024-02-17,Bellevue,"$505,000",2.0,2.0,1740,7690.0,2.0,5.0,1963.0,0
3755,2024-06-05,Renton,"$636,000",4.0,3.0,3070,6480.0,2.0,5.0,1971.0,0
1051,2024-03-07,Seattle,"$471,000",3.0,2.5,2080,7790.0,1.0,2.0,1901.0,0
2888,2024-04-16,Seattle,"$401,000",2.0,2.0,1610,16420.0,1.0,3.0,1986.0,0
2703,2024-05-18,Bellevue,"$392,000",2.0,1.5,1250,23320.0,2.0,4.0,2019.0,0
1134,2024-03-19,Seattle,"$537,000",3.0,3.0,2080,2900.0,2.0,3.0,2000.0,0
2106,2024-03-23,Kirkland,"$431,000",3.0,2.0,1490,6290.0,2.0,3.0,1951.0,0
1704,2024-03-02,Renton,"$254,000",2.0,1.5,1730,4290.0,2.0,4.0,1956.0,0
1483,2024-01-21, Redmond,"$526,000",2.0,1.0,1940,2610.0,1.5,5.0,1975.0,0
2146,2024-06-22,Seattle,"$390,000",2.0,2.0,1650,16980.0,2.0,2.0,1991.0,0
3039,2024-04-19,Redmond,"$304,000",2.0,1.0,1160,19170.0,1.0,4.0,1915.0,0
3964,2024-05-23,Redmond,"$589,000",4.0,2.5,2330,8850.0,2.0,3.0,1947.0,0
1067,2024-03-23,Redmond,"$426,000",1.0,1.0,1690,3170.0,2.5,5.0,1934.0,0
3314,2024-06-02,Seattle,"$1,455,000",7.0,5.0,5910,3940.0,1.0,3.0,1964.0,0
3657,2024-06-10,Bellevue,"$357,000",1.0,3.0,1340,21520.0,1.0,3.0,1911.0,0
1908,2024-01-29,Seattle,"$324,000",3.0,2.0,1170,3620.0,1.0,3.0,2000.0,0
1032,2024-03-10,Renton,"$395,000",4.0,4.0,1920,4560.0,1.0,4.0,1953.0,0
3856,2024-01-10,Renton,"$268,000",1.0,1.5,1470,19120.0,2.0,3.0,1948.0,0
1011,2024-02-20,Bellevue,"$473,000",1.0,2.0,1720,6920.0,2.0,2.0,1900.0,0
1065,2024-03-20,Redmond,"$1,089,000",7.0,4.0,4300,12120.0,2.0,4.0,1968.0,0
1777,2024-02-24,Redmond,"$450,000",4.0,2.5,1720,4880.0,2.0,4.0,1933.0,0
1078,2024-05-07,Redmond ,"$1,281,000",5.0,4.5,4340,7460.0,2.0,4.0,2004.0,0
1492,2024-01-27,Redmond,"$1,273,000",7.0,4.0,5090,8170.0,2.0,3.0,,0
3639,2024-01-14,,"$541,000",3.0,2.5,"1,690 sqft",9290.0,2.0,4.0,,0
3114,2024-02-15,Redmond,"$740,000",2.0,1.5,2610,6290.0,1.5,5.0,1930.0,0
3780,2024-01-29,Seattle,"$551,000",4.0,4.0,2170,7340.0,1.0,3.0,1961.0,0
3345,2024-05-31,Kirkland,"$458,000",2.0,2.0,1610,8670.0,1.0,3.0,1962.0,0
1592,2024-05-12,bellevue,Not disclosed,2.0,1.5,1380,6230.0,1.0,5.0,1949.0,0
2286,2024-01-27,Renton,"$669,000",5.0,3.5,3470,6920.0,2.0,5.0,1946.0,0
3538,2024-06-18,Bellevue,"$514,000",3.0,2.0,1710,10260.0,1.5,4.0,1996.0,0
1725,2024-06-01,Seattle,"$907,000",5.0,4.0,3720,4070.0,2.5,4.0,1989.0,0
3536,2024-05-31,Redmond,"$592,000",3.0,2.0,2160,8130.0,1.5,2.0,1943.0,0
2213,2024-03-19,Redmond,"$270,000",1.0,1.0,1000,13990.0,1.5,5.0,1960.0,0
3300,2024-03-20,Kirkland ,Not disclosed,2.0,1.0,1570,11760.0,1.5,4.0,2006.0,0
3596,2024-05-15,RENTON,"$380,000",2.0,1.5,1760,12180.0,1.5,3.0,1977.0,0
2638,2024-05-20,Renton,"$259,000",1.0,1.5,1830,8130.0,3.0,3.0,,0
3876,2024-03-20,Seattle,"$346,000",2.0,2.0,1560,8200.0,1.0,1.0,,0
3956,2024-05-19,Seattle,"$615,000",5.0,3.5,2600,4170.0,2.0,3.0,1903.0,0
1983,2024-02-26,Kirkland,"$464,000",2.0,1.0,1750,1770.0,1.0,3.0,1983.0,0
1707,2024-04-05,Kirkland,"$300,000",2.0,2.0,1190,5720.0,2.0,3.0,1975.0,0
2688,2024-02-14,Bellevue,"$324,000",,1.5,1290,5090.0,2.0,3.0,1990.0,0
3891,2024-05-25,Seattle,"$380,000",2.0,2.5,1770,17630.0,1.0,3.0,1936.0,0
1274,2024-03-23, Redmond,"$504,000",4.0,,2250,6340.0,1.5,3.0,1903.0,0
2710,2024-04-26,,"$603,000",,2.0,2590,6610.0,1.0,3.0,1917.0,0
3758,2024-06-22,Redmond,"$936,000",4.0,3.5,3580,3520.0,1.0,,1964.0,0
1964,2024-03-20,Seattle,"$315,000",2.0,1.5,1180,9400.0,2.0,2.0,1956.0,0
3531,2024-04-25,Redmond,"$418,000",2.0,1.0,1810,11090.0,1.0,4.0,2014.0,0
3875,2024-02-25,Seattle,"$416,000",2.0,1.0,1800,11500.0,1.5,3.0,1938.0,0
3994,2024-04-29,Bellevue,"$482,000",3.0,2.0,1830,2590.0,1.0,3.0,1943.0,0
3865,2024-03-09,BELLEVUE,"$686,000",4.0,3.0,2040,7650.0,2.0,3.0,1947.0,0
3960,2024-06-26,Renton,"$808,000",5.0,4.0,3830,5560.0,2.0,3.0,1979.0,0
2453,2024-01-27,RENTON,"$345,000",2.0,1.5,1660,10190.0,1.5,4.0,1916.0,0
1150,2024-01-11,Seattle,"$540,000",3.0,2.0,2060,5710.0,2.5,5.0,1989.0,0
2758,2024-01-05,Renton,"$579,000",4.0,3.5,2800,7080.0,2.0,2.0,2013.0,0
1219,2024-04-12,Renton,"$325,000",1.0,1.0,1380,4710.0,2.0,3.0,2008.0,0
1240,2024-05-03,Seattle,"$640,000",4.0,3.0,2680,7300.0,1.0,4.0,1971.0,0
2132,2024-03-12, Bellevue,"$641,000",4.0,2.5,2030,4550.0,2.5,4.0,2015.0,0
3723,2024-02-07,Bellevue,"$520,000",3.0,2.5,1790,6830.0,2.0,4.0,1926.0,0
3240,2024-01-18,Bellevue,"$526,000",2.0,2.0,1630,4100.0,1.0,3.0,2006.0,0
3382,2024-01-24,Seattle,"$406,000",2.0,1.0,1880,6370.0,1.0,,1953.0,0
2254,2024-05-23,Redmond,"$697,000",3.0,2.5,2190,7820.0,1.0,2.0,1994.0,0
2054,2024-05-10,SEATTLE,"$353,000",1.0,1.5,1280,5910.0,2.5,3.0,1982.0,0
2669,2024-06-14,Seattle,"$509,000",,1.0,1930,14190.0,3.0,3.0,2004.0,0
3562,2024-04-22,Redmond,"$583,000",3.0,2.5,2500,19060.0,1.0,1.0,2002.0,0
3999,2024-01-25,Renton,"$350,000",1.0,1.0,1490,19490.0,2.0,3.0,2019.0,0
2358,2024-06-14,Bellevue,"$392,000",4.0,3.0,1630,2090.0,1.5,3.0,1909.0,0
1776,2024-01-16,Renton,"$392,000",3.0,2.0,1810,34700.0,2.0,3.0,2006.0,0
3640,2024-02-23,Seattle,"$258,000",1.0,1.0,1100,9450.0,2.0,3.0,1900.0,0
1840,2024-03-06,Bellevue,"$643,000",3.0,2.0,2200,24520.0,1.0,4.0,1901.0,0
1628,2024-06-27,Seattle,"$628,000",,2.5,2440,5680.0,3.0,4.0,1941.0,0
1324,2024-06-15,Bellevue,"$497,000",1.0,1.0,1520,5280.0,1.0,4.0,2005.0,0
3735,2024-06-04,Seattle ,"$441,000",3.0,2.0,1780,8930.0,1.0,3.0,1959.0,0
3965,2024-05-21,Seattle,"$803,000",6.0,4.0,3410,3910.0,1.0,3.0,1921.0,0
2868,2024-03-16,Seattle,"$388,000",,2.5,1920,1960.0,1.0,,1914.0,0
2161,2024-05-28,Seattle,"$322,000",1.0,1.0,1260,9120.0,2.0,3.0,1972.0,0
2077,2024-03-09,Bellevue,"$874,000",4.0,3.5,2860,4290.0,2.0,3.0,1997.0,0
1438,2024-05-31,Bellevue,"$526,000",3.0,2.5,1740,3160.0,2.0,5.0,1997.0,0
1120,2024-01-27,Redmond,"$387,000",1.0,1.0,1390,35120.0,1.0,2.0,2006.0,0
3664,2024-03-08,Seattle,"$419,000",3.0,1.5,1780,,1.0,2.0,1956.0,0
3493,2024-06-30,Seattle,"$337,000",3.0,2.5,1530,2040.0,1.0,3.0,1902.0,0
3669,2024-02-18,Redmond,"$834,000",5.0,3.5,3040,10930.0,2.5,5.0,1928.0,0
2815,2024-01-27,Kirkland,"$318,000",2.0,1.0,1240,9220.0,1.0,4.0,1916.0,0
2840,2024-03-28,Kirkland,"$472,000",2.0,2.5,1690,23160.0,2.5,4.0,1934.0,0
2027,2024-05-16,Renton,"$237,000",2.0,,1420,11110.0,2.5,4.0,1902.0,0
1077,2024-04-07,Seattle ,"$568,000",4.0,2.0,2460,14620.0,2.0,3.0,1952.0,0
1901,2024-06-15,Bellevue,"$433,000",1.0,1.0,1450,11100.0,3.0,1.0,1930.0,0
1372,2024-05-07,Seattle,"$1,348,000",7.0,4.5,5600,7940.0,1.0,3.0,1970.0,0
2205,2024-06-01,Seattle,"$496,000",3.0,2.5,2040,9760.0,1.0,3.0,1928.0,0
3828,2024-04-21,Seattle,"$1,139,000",7.0,5.0,4420,14760.0,1.0,4.0,1959.0,0
1942,2024-06-01,Kirkland,"$321,000",1.0,1.5,1210,3680.0,1.0,,1900.0,0
1553,2024-01-27,Seattle,"$621,000",4.0,3.0,2780,6410.0,2.0,3.0,1916.0,0
1407,2024-05-19,Seattle,"$222,000",2.0,2.0,1080,15960.0,1.5,2.0,1970.0,0
3118,2024-05-13,Seattle,"$565,000",3.0,1.5,2200,7690.0,1.0,3.0,1985.0,0
2614,2024-01-14,Bellevue,"$170,000",1.0,1.5,740,9100.0,1.0,5.0,1904.0,0
1969,2024-02-29,Redmond,"$757,000",4.0,3.0,2400,5630.0,1.0,3.0,,0
3350,2024-06-14,Seattle,"$361,000",2.0,1.5,1340,4640.0,2.0,3.0,2011.0,0
2747,2024-05-14,Kirkland,"$378,000",1.0,1.0,1300,6640.0,2.0,4.0,1913.0,0
1690,2024-03-27,Bellevue,"$484,000",3.0,2.5,1400,23310.0,2.0,5.0,1997.0,0
2739,2024-04-16,Bellevue,"$515,000",3.0,2.0,1630,10120.0,2.0,3.0,1946.0,0
1237,2024-05-07,Bellevue,"$429,000",3.0,3.0,1250,6940.0,1.0,4.0,,0
3893,2024-05-24,Redmond,"$696,000",2.0,1.0,2270,5130.0,2.0,4.0,1997.0,0
2987,2024-06-08,Seattle,"$698,000",5.0,4.0,2670,5290.0,3.0,3.0,1953.0,0
2984,2024-02-28,Seattle ,"$294,000",1.0,1.0,1040,,1.5,3.0,2008.0,0
1500,2024-05-10,bellevue,"$499,000",2.0,1.5,1690,,2.0,3.0,1977.0,0
1823,2024-05-29,Seattle,"$339,000",0.0,3.0,1600,5080.0,1.0,3.0,1927.0,0
1795,2024-02-28,Seattle,"$601,000",3.0,3.0,2370,7180.0,2.0,2.0,1955.0,0
1991,2024-04-05,Redmond,"$679,000",4.0,3.0,2400,13830.0,1.0,3.0,1993.0,0
1568,2024-03-21,seattle,"$484,000",3.0,,1750,12570.0,2.0,,1966.0,0
3436,2024-01-19,Renton,"$258,000",3.0,2.0,1900,7050.0,2.0,5.0,1921.0,0
1391,2024-02-10,Redmond,"$616,000",3.0,2.0,2500,,3.0,3.0,1969.0,0
1744,2024-03-06,Seattle,"$254,000",2.0,2.0,1320,13570.0,2.0,3.0,1912.0,0
3401,2024-03-29,REDMOND,"$890,000",6.0,4.0,3430,10550.0,1.5,4.0,1937.0,0
2218,2024-04-10,Redmond,"$357,000",2.0,1.5,1650,6560.0,1.0,3.0,1916.0,0
1236,2024-01-30,Kirkland,"$463,000",2.0,2.5,1380,4580.0,1.5,4.0,1996.0,0
3975,2024-06-24,Bellevue,"$413,000",1.0,1.0,1400,3190.0,1.0,3.0,1912.0,0
1481,2024-02-03,Bellevue,"$396,000",2.0,1.0,1680,7070.0,3.0,4.0,1912.0,0
3043,2024-03-08,Redmond,"$323,000",2.0,2.0,"1,530 sqft",,1.0,3.0,1907.0,0
2678,2024-01-06,Bellevue ,"$591,000",3.0,2.0,1970,6880.0,1.0,3.0,2012.0,0
3770,2024-01-02,renton,"$394,000",3.0,2.0,2340,13410.0,2.0,3.0,1987.0,0
3923,2024-02-04,seattle,"$356,000",1.0,1.0,1730,8420.0,1.0,2.0,1928.0,0
3613,2024-03-06,Bellevue,$0,4.0,3.0,3410,3150.0,2.0,3.0,1996.0,0
3673,2024-06-15,Bellevue,"$306,000",1.0,1.0,1220,4930.0,2.0,3.0,1933.0,0
1121,2024-01-06,Redmond,"$540,000",4.0,3.0,1850,19680.0,2.0,5.0,2003.0,0
2273,2024-03-18,Bellevue,"$440,000",2.0,1.5,1740,,1.5,2.0,1978.0,0
1927,2024-03-08,Seattle,"$552,000",3.0,2.5,"2,180 sqft",7120.0,1.0,3.0,2003.0,0
2595,2024-04-19,kirkland,"$526,000",3.0,1.5,2030,20430.0,1.0,3.0,1919.0,0
1224,2024-04-30,Renton,"$1,033,000",6.0,4.0,4840,6330.0,1.0,2.0,1997.0,0
1767,2024-06-20,Seattle,"$308,000",2.0,2.5,1240,5870.0,1.5,5.0,,0
1614,2024-05-08,renton,"$678,000",5.0,4.0,3330,,2.0,3.0,1966.0,0
2246,2024-02-05,Seattle,"$243,000",2.0,2.0,910,6080.0,2.0,2.0,1963.0,0
2541,2024-06-09, Kirkland,"$703,000",3.0,2.5,2590,9120.0,1.0,4.0,1946.0,0
1053,2024-06-19,Kirkland,"$444,000",3.0,3.0,1630,6270.0,2.0,3.0,1981.0,0
1530,2024-02-06,Seattle,Not disclosed,2.0,2.0,1200,8760.0,2.0,4.0,1970.0,0
2900,2024-02-21,Seattle,"$315,000",2.0,1.0,1300,21980.0,2.0,4.0,2007.0,0
3967,2024-03-20,Seattle,"$515,000",3.0,2.0,2230,7400.0,1.0,4.0,1983.0,0
1819,2024-02-28,Redmond,"$363,000",2.0,2.5,1520,,2.0,3.0,1964.0,0
1156,2024-04-29,redmond,"$479,000",4.0,2.0,2010,3430.0,2.0,3.0,1923.0,0
3912,2024-05-18,Seattle,"$775,000",5.0,4.0,3150,6270.0,1.0,4.0,2012.0,0
1249,2024-06-27,Bellevue,"$320,000",2.0,1.5,1130,3030.0,2.0,4.0,1950.0,0
1762,2024-02-02,Seattle,"$800,000",,2.5,2980,5180.0,2.0,4.0,1995.0,0
2895,2024-02-28,Seattle,"$418,000",2.0,1.5,1740,13170.0,2.0,3.0,2014.0,0
3030,2024-04-25,Redmond,"$630,000",4.0,2.0,2080,21920.0,2.0,4.0,2001.0,0
2131,2024-01-20,RENTON,"$262,000",2.0,,1530,5490.0,1.5,4.0,1914.0,0
1543,2024-03-31,Kirkland,"$578,000",3.0,2.0,2350,6590.0,3.0,5.0,1932.0,0
1794,2024-04-23,Seattle,"$514,000",4.0,3.0,2060,23740.0,3.0,3.0,1965.0,0
2726,2024-02-21,Seattle,"$439,000",2.0,2.0,1530,6690.0,1.0,3.0,,0
1629,2024-01-12,,"$554,000",2.0,1.5,1980,12240.0,1.0,4.0,1928.0,0
3199,2024-04-18,Seattle,"$435,000",3.0,1.5,1910,6570.0,1.0,4.0,1921.0,0
3734,2024-06-23,Seattle,"$562,000",3.0,2.5,2120,2580.0,1.5,3.0,1918.0,0
3340,2024-06-30,Seattle,"$438,000",4.0,2.5,1530,3110.0,1.0,2.0,1961.0,0
3430,2024-01-01,Kirkland,"$1,009,000",6.0,3.5,3730,9720.0,3.0,4.0,1919.0,0
3881,2024-06-06, Seattle,"$690,000",4.0,4.5,2590,13020.0,1.0,4.0,1947.0,0
2368,2024-02-28,Seattle,"$350,000",2.0,2.0,1630,43260.0,1.0,3.0,1909.0,0
2621,2024-03-12,Seattle,"$512,000",4.0,3.5,2150,4100.0,3.0,4.0,1953.0,0
3818,2024-04-05,Redmond,"$522,000",2.0,1.5,2180,8310.0,1.0,3.0,1982.0,0
2072,2024-06-29,Redmond,"$851,000",4.0,3.5,3140,12470.0,1.0,5.0,2022.0,0
1555,2024-06-16,Seattle,"$536,000",3.0,2.0,2090,3440.0,1.0,4.0,1947.0,0
2829,2024-02-02,Renton,"$1,048,000",7.0,5.0,5170,11010.0,1.0,4.0,1975.0,0
1827,2024-01-16,Redmond,"$271,000",3.0,2.5,1020,7540.0,1.0,4.0,1953.0,0
1111,2024-05-30,Bellevue,"$513,000",,1.0,1600,9130.0,1.5,3.0,2009.0,0
2985,2024-03-13,Redmond ,"$460,000",3.0,3.0,1870,18720.0,2.0,4.0,2019.0,0
2838,2024-02-15,Bellevue,"$678,000",4.0,3.0,2040,13280.0,1.0,4.0,1935.0,0
1536,2024-02-07,Seattle,"$748,000",6.0,3.5,3130,11390.0,2.0,3.0,1932.0,0
3703,2024-06-11,Bellevue,"$244,000",1.0,1.5,840,8780.0,1.0,3.0,1956.0,0
1155,2024-02-19,Seattle,"$380,000",2.0,1.5,1380,5810.0,2.0,3.0,2001.0,0
3611,2024-06-18,Renton,"$236,000",2.0,2.5,1250,6450.0,1.5,4.0,1922.0,0
3847,2024-05-12, Seattle,"$366,000",2.0,2.5,1540,5080.0,1.0,4.0,1910.0,0
1323,2024-04-20,Seattle,"$556,000",4.0,2.5,"2,140 sqft",7020.0,2.0,3.0,1951.0,0
2711,2024-04-07,Kirkland,"$515,000",2.0,2.0,1890,5470.0,2.0,3.0,1940.0,0
1015,2024-03-08,Bellevue,"$600,000",3.0,2.0,2200,7340.0,2.0,5.0,1910.0,0
2799,2024-06-18,Redmond,"$464,000",2.0,1.0,1720,2980.0,1.0,4.0,1913.0,0
3850,2024-05-06,Bellevue,"$351,000",2.0,2.0,1260,,1.0,3.0,1913.0,0
1083,2024-03-09,Kirkland,"$375,000",2.0,1.5,1560,6800.0,2.0,4.0,,0
2944,2024-06-04,Seattle,"$615,000",3.0,2.0,2640,16370.0,2.0,3.0,2002.0,0
2989,2024-03-22,Renton,"$536,000",4.0,3.0,2540,16830.0,1.0,2.0,1984.0,0
2384,2024-04-19,Renton,"$510,000",3.0,,2360,8120.0,2.0,3.0,1958.0,0
2575,2024-02-21,Seattle,"$279,000",1.0,1.5,1340,6040.0,1.0,3.0,1982.0,0
3059,2024-04-07,Seattle,"$408,000",2.0,2.5,1860,15900.0,2.0,3.0,1943.0,0
3915,2024-05-19,Bellevue,"$856,000",3.0,,3150,6250.0,2.0,2.0,1912.0,0
2495,2024-02-04,Bellevue,"$279,000",1.0,1.0,1170,6120.0,1.5,3.0,1911.0,0
1832,2024-06-18,REDMOND,"$475,000",2.0,2.0,1860,5360.0,1.0,4.0,1950.0,0
3081,2024-01-14,Bellevue,"$991,000",4.0,2.5,3420,9050.0,2.0,5.0,2005.0,0
2175,2024-05-13,Bellevue,"$827,000",4.0,2.0,2970,4250.0,2.0,4.0,1962.0,0
1414,2024-01-13,Renton,"$477,000",3.0,2.0,2080,8060.0,2.0,3.0,2009.0,0
2818,2024-04-24,Bellevue,"$732,000",3.0,2.0,2570,8730.0,3.0,4.0,1916.0,0
1166,2024-01-30,Bellevue,"$1,120,000",6.0,4.0,3850,13030.0,1.5,4.0,2003.0,0
3609,2024-05-02,Redmond,"$527,000",2.0,2.0,2160,4870.0,1.5,3.0,,0
3958,2024-03-27,,"$607,000",4.0,2.5,2540,33890.0,1.5,3.0,1942.0,0
1615,2024-05-22,Seattle,"$752,000",5.0,2.5,2740,3740.0,1.0,5.0,1965.0,0
2015,2024-03-16,Seattle,"$214,000",2.0,,950,8940.0,2.0,3.0,1919.0,0
3138,2024-05-27,Kirkland,Not disclosed,3.0,2.5,1610,25480.0,2.0,3.0,1934.0,1
2271,2024-04-29,Renton,"$811,000",6.0,3.0,3990,5960.0,1.0,4.0,1960.0,0
2238,2024-03-25,Bellevue,"$812,000",4.0,3.0,"2,760 sqft",13440.0,2.0,3.0,1966.0,0
3182,2024-05-28,Renton,"$695,000",5.0,3.0,3380,7560.0,1.0,3.0,,0
1556,2024-05-10,Seattle,"$528,000",,2.0,1960,3860.0,2.0,3.0,1957.0,0
3369,2024-04-18,Bellevue,"$412,000",2.0,2.5,1430,,2.0,3.0,1903.0,0
3840,2024-04-04,Seattle,"$476,000",3.0,2.0,1860,5250.0,1.0,2.0,1965.0,0
2212,2024-06-29,Kirkland,"$775,000",4.0,3.0,3120,,1.5,3.0,1979.0,0
3817,2024-06-06,Seattle,"$391,000",1.0,1.0,1820,2490.0,1.5,3.0,1981.0,0
1635,2024-02-05,Seattle,"$305,000",1.0,1.0,1250,7670.0,1.5,3.0,2008.0,0
2056,2024-02-29,Redmond,"$781,000",4.0,3.5,2890,5860.0,1.0,5.0,1932.0,0
3341,2024-06-06,,"$612,000",4.0,2.5,2340,1790.0,1.5,4.0,2001.0,0
2709,2024-05-19,Renton,"$322,000",3.0,3.0,1530,8190.0,2.0,2.0,1912.0,0
1797,2024-02-26,Seattle,"$554,000",2.0,3.0,2070,5170.0,1.0,4.0,2004.0,0
3793,2024-02-07,Kirkland,"$498,000",,1.0,2040,5710.0,2.0,5.0,1928.0,0
1175,2024-04-11,Seattle,"$440,000",5.0,3.0,1990,7380.0,1.0,4.0,1958.0,0
1246,2024-02-29,Renton,"$416,000",2.0,1.5,2370,16230.0,1.0,3.0,2018.0,0
2081,2024-02-11,Seattle,"$882,000",5.0,4.0,3470,9750.0,1.0,4.0,1993.0,0
2655,2024-05-09,Renton,"$630,000",4.0,2.5,3210,14490.0,2.5,4.0,1905.0,0
3758,2024-06-22,Redmond,"$936,000",4.0,3.5,3580,3520.0,1.0,,1964.0,0
1145,2024-04-27,Bellevue,"$328,000",1.0,1.0,1040,8210.0,1.0,3.0,2022.0,0
1146,2024-03-28,Seattle,"$325,000",,,1220,4290.0,2.0,5.0,1956.0,0
1091,2024-01-05,Seattle,"$423,000",3.0,2.5,1460,13910.0,2.0,3.0,,0
1683,2024-06-23,Seattle,"$631,000",4.0,4.0,2570,7000.0,1.0,3.0,1970.0,0
1311,2024-03-03,Bellevue,"$573,000",4.0,3.5,2080,4390.0,3.0,1.0,1963.0,0
1094,2024-04-08,Bellevue,"$756,000",4.0,3.0,2460,5940.0,1.0,3.0,1975.0,0
3676,2024-06-01,Bellevue,"$549,000",3.0,2.5,2060,8950.0,1.5,4.0,2018.0,0
2957,2024-02-22,Redmond,"$854,000",5.0,4.0,2870,12820.0,1.0,3.0,1997.0,1
1925,2024-05-05,Seattle,"$440,000",4.0,3.0,1910,5620.0,1.0,4.0,1955.0,0
3864,2024-04-05,Seattle,"$1,025,000",7.0,5.0,4210,1780.0,2.0,3.0,1900.0,0
2910,2024-04-26,Renton,"$274,000",1.0,2.0,1110,2090.0,1.5,3.0,,0
2036,2024-04-28,Redmond,"$377,000",4.0,2.5,1530,9400.0,2.0,3.0,1950.0,0
2401,2024-04-17,Bellevue,"$798,000",5.0,4.0,2720,18990.0,1.0,4.0,1988.0,0
3292,2024-03-17,Kirkland,"$745,000",5.0,4.5,2710,2150.0,2.5,3.0,,0
2501,2024-01-18,Redmond,"$545,000",4.0,2.5,2170,12570.0,2.0,3.0,1934.0,0
3263,2024-01-04,Bellevue,"$744,000",3.0,2.0,2640,12010.0,1.0,4.0,2007.0,0
2469,2024-01-26,Kirkland,"$421,000",3.0,2.0,1610,,1.5,1.0,2008.0,0
1999,2024-02-29,Renton,"$544,000",4.0,3.0,2480,5020.0,2.0,5.0,1983.0,0
1854,2024-03-04,Renton,"$406,000",1.0,1.0,1690,17750.0,3.0,3.0,2009.0,0
3474,2024-01-23,Bellevue,"$351,000",2.0,1.0,1090,9750.0,1.0,4.0,1975.0,0
3205,2024-04-20,Seattle,"$521,000",4.0,3.0,2230,11420.0,2.0,3.0,,0
2143,2024-03-05,Kirkland,"$615,000",,1.0,1420,16960.0,1.0,5.0,1963.0,1
2144,2024-06-08,Kirkland,"$120,000,000",1.0,2.0,760,3910.0,1.0,5.0,1918.0,0
3275,2024-05-12,Renton,"$195,000",2.0,2.0,1340,3280.0,1.0,3.0,1931.0,0
3049,2024-03-23,Seattle,"$424,000",3.0,2.0,2040,15800.0,2.0,2.0,1913.0,0
1402,2024-06-11,Renton,"$348,000",2.0,2.0,1940,11590.0,3.0,3.0,1943.0,0
2104,2024-04-04,Kirkland,"$1,115,000",6.0,3.5,4100,,1.5,4.0,1920.0,0
1085,2024-05-01,Seattle,"$633,000",3.0,2.5,2750,2510.0,1.5,2.0,1955.0,0
3211,2024-02-11,Renton,"$576,000",5.0,4.5,2770,6670.0,2.0,3.0,1901.0,0
3918,2024-01-02,Renton,"$557,000",5.0,4.0,2710,7270.0,2.0,5.0,1944.0,0
1115,2024-05-17,Seattle,"$548,000",3.0,4.0,2280,9870.0,2.0,5.0,1925.0,0
3646,2024-01-25,Renton,"$333,000",3.0,2.5,1410,6650.0,2.0,5.0,1954.0,0
2586,2024-01-18,RENTON,"$374,000",3.0,1.5,1720,12240.0,1.0,4.0,2015.0,0
2568,2024-02-16,SEATTLE,"$345,000",2.0,2.0,1130,5950.0,3.0,3.0,1999.0,0
2502,2024-02-21,Renton,"$744,000",5.0,2.5,3710,9370.0,1.0,4.0,2018.0,0
2661,2024-06-16,Seattle,"$540,000",2.0,2.0,1720,,1.0,4.0,1974.0,0
2557,2024-03-19,Renton,"$359,000",2.0,1.5,1700,6680.0,1.0,4.0,1923.0,0
3008,2024-02-27,Seattle,"$403,000",3.0,1.5,2160,,2.5,3.0,1980.0,0
1626,2024-05-01,Bellevue ,"$706,000",3.0,2.0,2330,9470.0,1.5,3.0,1980.0,0
2886,2024-03-14,Seattle,"$603,000",,3.5,2330,9340.0,1.5,4.0,2015.0,0
2867,2024-06-09,Renton,"$374,000",2.0,2.5,1640,2550.0,1.0,4.0,1976.0,0
1953,2024-03-21,Seattle,"$477,000",3.0,1.5,1940,4370.0,2.0,5.0,1981.0,0
3307,2024-06-16,Bellevue,"$485,000",3.0,2.5,1780,4990.0,1.0,3.0,1950.0,0
1625,2024-06-01,Renton,"$442,000",3.0,2.0,2190,7810.0,2.0,4.0,1920.0,0
1235,2024-01-04,Renton,"$288,000",1.0,1.0,1530,8440.0,1.0,4.0,1902.0,0
3184,2024-01-02,Seattle,"$674,000",4.0,3.0,2520,5270.0,2.0,3.0,2000.0,0
3035,2024-06-13,Seattle,"$305,000",2.0,1.0,1290,5210.0,2.0,3.0,1999.0,0
2827,2024-02-04,Bellevue,"$526,000",1.0,1.0,1570,10570.0,2.5,4.0,1969.0,0
3873,2024-06-10,seattle,"$348,000",4.0,3.0,1670,7060.0,2.0,1.0,1919.0,0
3641,2024-03-10,Kirkland,"$694,000",3.0,3.5,2360,3430.0,1.0,3.0,1955.0,0
2315,2024-01-16,SEATTLE,"$555,000",4.0,3.0,2260,5550.0,2.0,4.0,1972.0,0
2526,2024-06-03,Seattle,"$328,000",2.0,2.0,1550,,2.0,5.0,1919.0,0
2563,2024-04-18,Renton,"$268,000",3.0,2.0,1180,2170.0,1.0,5.0,1921.0,0
2753,2024-04-16,Renton,"$355,000",1.0,1.5,1480,7500.0,1.5,4.0,2014.0,0
2606,2024-03-05,Seattle,"$364,000",1.0,1.0,1290,5680.0,1.0,3.0,1999.0,0
1344,2024-03-06,Redmond,"$662,000",4.0,3.0,2660,5150.0,1.0,3.0,1915.0,0
3021,2024-05-24,Redmond,"$299,000",2.0,2.5,1000,4830.0,2.0,3.0,1999.0,0
3342,2024-05-11,Seattle,"$418,000",3.0,2.0,1510,40980.0,1.0,4.0,1979.0,0
3413,2024-03-08,Bellevue,"$473,000",3.0,2.5,1500,18380.0,1.0,5.0,1900.0,0
3227,2024-02-05,Kirkland,"$180,000",1.0,1.5,910,7430.0,1.0,3.0,1908.0,0
1997,2024-06-30,Redmond,"$399,000",2.0,2.0,1460,10620.0,1.5,4.0,1958.0,0
3063,2024-01-17,Bellevue,"$778,000",4.0,3.0,2770,9940.0,2.0,5.0,1929.0,0
2111,2024-05-06,Seattle,"$342,000",3.0,3.5,1150,4880.0,1.5,3.0,,0
3214,2024-02-26,Bellevue,"$966,000",5.0,3.0,3310,8070.0,2.0,4.0,2000.0,0
2360,2024-02-12,Seattle,"$301,000",2.0,2.0,1400,5890.0,1.0,3.0,1919.0,0
3108,2024-04-30,Renton,"$394,000",2.0,1.0,1900,5450.0,1.0,5.0,1976.0,0
1710,2024-01-18,Bellevue,"$695,000",2.0,1.5,1840,11480.0,1.0,3.0,1957.0,1
2879,2024-06-26,Bellevue,"$543,000",2.0,1.5,1660,6160.0,2.0,3.0,2016.0,0
2379,2024-05-12,Redmond,"$537,000",4.0,2.5,1930,7260.0,1.5,3.0,1969.0,0
1425,2024-01-22,Redmond,"$458,000",3.0,1.5,1580,9250.0,1.5,5.0,1917.0,0
1293,2024-01-06,Renton,"$294,000",2.0,1.5,1550,2140.0,2.0,3.0,2004.0,0
2066,2024-04-05,Renton,"$382,000",2.0,2.5,1510,6490.0,2.0,5.0,1973.0,0
3378,2024-01-18, Redmond,"$261,000",1.0,1.5,1350,,2.0,4.0,2022.0,0
2639,2024-04-01,Seattle,"$773,000",5.0,3.0,3380,5380.0,2.5,2.0,,0
3478,2024-03-25,Seattle,"$583,000",4.0,2.0,2490,25290.0,3.0,3.0,1936.0,0
2013,2024-03-27,Bellevue,"$490,000",4.0,3.0,1870,1500.0,1.5,4.0,1966.0,0
3128,2024-03-17,seattle,"$371,000",2.0,1.0,1320,7550.0,1.0,5.0,2010.0,0
2718,2024-04-25,Redmond,"$287,000",1.0,1.0,1370,16780.0,2.0,1.0,1935.0,0
1938,2024-06-24,Seattle,"$447,000",3.0,2.0,1910,7350.0,1.0,4.0,1953.0,0
1835,2024-06-03,Kirkland,"$601,000",3.0,1.0,2220,27000.0,2.0,4.0,1981.0,0
1255,2024-02-11,Seattle,"$305,000",2.0,1.5,1480,3970.0,1.0,3.0,1967.0,0
2483,2024-06-16,Redmond,"$364,000",1.0,1.0,1400,4600.0,2.0,4.0,1973.0,0
1029,2024-05-11,Seattle,"$466,000",2.0,2.0,1880,3210.0,1.0,3.0,2017.0,0
2408,2024-06-22,Seattle,"$327,000",1.0,1.5,930,5470.0,1.5,3.0,2009.0,0
3940,2024-02-18,Seattle,"$527,000",,2.5,2020,3060.0,2.0,4.0,1946.0,0
3185,2024-04-22,Bellevue,"$487,000",2.0,1.0,1770,6920.0,2.0,3.0,1927.0,0
1724,2024-01-25,Renton,"$359,000",2.0,1.5,1750,11000.0,1.5,4.0,1989.0,0
1970,2024-03-01,Seattle,"$426,000",1.0,1.5,1120,11580.0,1.0,1.0,1967.0,1
1497,2024-02-29,Bellevue,"$762,000",3.0,1.5,2510,6390.0,1.5,3.0,2010.0,0
1951,2024-05-11, Bellevue,"$856,000",4.0,3.0,2930,7560.0,2.0,3.0,1903.0,0
1806,2024-06-18,Seattle,"$333,000",2.0,1.5,1500,20790.0,1.5,3.0,1921.0,0
2830,2024-05-26,Bellevue,"$577,000",3.0,2.5,2110,6240.0,2.5,3.0,,0
3178,2024-05-02,Kirkland,"$492,000",2.0,2.0,1780,17660.0,2.0,3.0,1991.0,0
2740,2024-04-05,Kirkland,"$633,000",4.0,2.5,2310,4080.0,3.0,4.0,1909.0,0
1338,2024-01-16,Kirkland,"$737,000",4.0,3.0,2780,,1.0,3.0,1974.0,0
1731,2024-02-23,Seattle,"$646,000",3.0,2.0,2120,18520.0,1.0,3.0,1905.0,1
1609,2024-01-18,Kirkland,"$497,000",,2.5,2150,12320.0,3.0,4.0,1936.0,0
2149,2024-04-11,Bellevue,"$749,000",4.0,3.0,2570,6240.0,1.0,,1944.0,0
3244,2024-04-29,,"$1,068,000",5.0,3.5,3990,5480.0,1.0,5.0,2009.0,0
2714,2024-05-24,Renton,Not disclosed,1.0,1.5,"1,860 sqft",6580.0,1.0,4.0,1915.0,0
3028,2024-06-28,Bellevue,"$431,000",1.0,1.0,1510,11880.0,2.0,3.0,1977.0,0
1910,2024-05-26,Seattle,"$455,000",4.0,2.0,2110,8150.0,2.0,5.0,1941.0,0
3633,2024-04-30,,"$529,000",3.0,2.5,2270,14890.0,1.0,3.0,1986.0,0
3152,2024-01-01,Seattle,"$546,000",3.0,2.5,2440,7410.0,2.0,4.0,1931.0,0
3011,2024-02-16,Seattle,"$361,000",2.0,2.0,1460,3730.0,2.0,5.0,1960.0,0
3492,2024-05-10, Bellevue,"$728,000",3.0,2.5,2440,4870.0,1.0,3.0,1974.0,0
2811,2024-02-10,Seattle,"$422,000",3.0,2.5,1850,6820.0,1.5,,1987.0,0
2995,2024-06-13,Bellevue,"$610,000",2.0,1.5,2130,,1.0,5.0,1940.0,0
1720,2024-05-27,Renton,"$415,000",3.0,2.5,2560,6170.0,3.0,3.0,1923.0,0
2570,2024-02-27,Bellevue,"$343,000",1.0,1.0,1200,8290.0,1.0,4.0,1980.0,0
3276,2024-03-10,Seattle,"$601,000",2.0,2.0,1660,6350.0,3.0,3.0,2004.0,1
1435,2024-05-08,Seattle,"$412,000",2.0,2.5,1720,6070.0,2.0,4.0,2000.0,0
2300,2024-04-26, Bellevue,"$403,000",1.0,1.5,1360,12200.0,1.0,3.0,1967.0,0
3175,2024-06-24,Bellevue,"$500,000",3.0,2.0,1660,9310.0,1.5,3.0,1999.0,0
1406,2024-01-08,Renton,"$251,000",,2.0,1300,5800.0,1.5,3.0,1994.0,0
1822,2024-02-24,Redmond,"$405,000",2.0,1.0,1760,4190.0,1.0,,1927.0,0
2790,2024-06-22,,"$494,000",3.0,2.5,1870,15640.0,2.0,2.0,2000.0,0
3942,2024-05-09,Seattle,"$346,000",2.0,2.0,1210,8950.0,2.0,3.0,1984.0,0
3352,2024-05-11,Renton,"$408,000",4.0,3.0,2110,,1.0,,1949.0,0
3316,2024-01-19,Seattle,"$544,000",,3.0,2130,8550.0,1.0,4.0,2007.0,0
2859,2024-03-05,Seattle ,"$222,000",1.0,1.0,640,8840.0,2.0,3.0,2002.0,0
2558,2024-03-25,Bellevue,"$1,120,000",4.0,3.0,3520,9090.0,1.0,,1951.0,1
1546,2024-06-08,Bellevue,"$789,000",4.0,,2830,12150.0,1.0,3.0,1977.0,0
1213,2024-03-12,Seattle,"$525,000",3.0,2.5,2170,13730.0,1.0,4.0,1986.0,0
1897,2024-04-05,Seattle,"$317,000",1.0,1.0,1280,10210.0,1.0,3.0,1914.0,0
2942,2024-03-01,Bellevue,"$427,000",2.0,1.0,1320,7590.0,1.0,3.0,1942.0,0
2892,2024-02-10,,"$626,000",3.0,2.5,2480,1760.0,1.0,2.0,2004.0,0
1917,2024-01-04,Seattle,"$361,000",3.0,2.5,1430,14750.0,1.5,3.0,1958.0,0
3724,2024-01-04,Bellevue,"$307,000",1.0,1.0,960,22170.0,2.0,4.0,2000.0,0
2290,2024-05-22,Redmond,"$1,577,000",7.0,4.0,5970,11470.0,1.0,4.0,1923.0,0
1815,2024-04-03,Seattle,"$643,000",,2.5,2600,7820.0,1.0,3.0,1978.0,0
2266,2024-03-18,Kirkland,"$258,000",1.0,1.0,930,10430.0,2.0,4.0,1901.0,0
1343,2024-01-14,Kirkland,"$333,000",2.0,2.5,1280,8320.0,2.0,3.0,2003.0,0
3598,2024-01-23,Bellevue,"$418,000",3.0,2.5,1480,12540.0,1.0,4.0,1931.0,0
2411,2024-02-16,Kirkland,"$431,000",2.0,1.0,1600,3010.0,1.5,4.0,1907.0,0
2215,2024-02-24,Seattle,"$920,000",6.0,5.0,3820,28480.0,2.0,3.0,1975.0,0
1967,2024-01-24,Renton,"$427,000",2.0,1.5,2130,6560.0,1.0,4.0,1920.0,0
2231,2024-05-10,Seattle,"$328,000",2.0,1.0,1190,8300.0,1.5,4.0,1904.0,0
3344,2024-04-24,Seattle,"$459,000",2.0,2.5,1980,7960.0,2.0,2.0,1958.0,0
1696,2024-02-26,Bellevue,"$828,000",4.0,3.5,2920,12270.0,1.0,5.0,2005.0,0
3122,2024-04-14,Seattle,"$433,000",3.0,3.0,1920,9780.0,1.0,4.0,1952.0,0
1606,2024-06-13,Kirkland,"$680,000",4.0,4.0,2570,9920.0,2.0,3.0,1958.0,0
1105,2024-03-07,Kirkland,"$521,000",3.0,3.0,1840,15480.0,2.5,4.0,1946.0,0
1646,2024-05-26,Renton,"$437,000",0.0,1.5,2310,10200.0,1.0,3.0,1965.0,0
2405,2024-03-02,Seattle,"$375,000",2.0,2.0,1610,2480.0,1.0,3.0,1914.0,0
1495,2024-02-27, Kirkland,"$637,000",,1.5,2280,8950.0,2.0,3.0,,0
3488,2024-05-06,Kirkland,"$789,000",4.0,3.0,2640,13830.0,1.0,4.0,1973.0,0
2020,2024-01-14,Bellevue,"$573,000",3.0,2.5,1860,4620.0,1.5,1.0,2008.0,0
1092,2024-04-14,Redmond,"$470,000",2.0,2.5,1790,9660.0,1.0,3.0,1973.0,0
2113,2024-04-16,Redmond,"$529,000",3.0,1.5,1800,4580.0,1.5,3.0,1980.0,0
1909,2024-05-31,Seattle,"$401,000",2.0,1.5,1840,9840.0,2.0,3.0,1921.0,0
2475,2024-06-29,Bellevue,"$657,000",3.0,2.5,2070,9190.0,2.0,4.0,1953.0,0
2742,2024-01-22,Seattle,"$495,000",3.0,2.0,2090,26360.0,2.0,3.0,1999.0,0
3151,2024-01-12,redmond,"$494,000",2.0,1.0,1760,13020.0,2.0,5.0,1943.0,0
1239,2024-01-22,Seattle,"$569,000",2.0,1.5,2420,2700.0,2.0,4.0,1990.0,0
1943,2024-03-14,Seattle,"$530,000",4.0,2.0,2190,4130.0,1.0,4.0,1969.0,0
2271,2024-04-29,Renton,"$811,000",6.0,3.0,3990,5960.0,1.0,4.0,1960.0,0
1939,2024-05-05,Renton,"$340,000",,2.5,1330,22820.0,1.0,3.0,2017.0,0
2425,2024-06-23,Bellevue,"$724,000",2.0,1.5,1670,3550.0,1.0,4.0,2009.0,1
2863,2024-04-06,Renton,"$286,000",1.0,1.0,1400,18840.0,2.0,3.0,1965.0,0
2670,2024-01-03,Renton,"$406,000",3.0,2.5,1870,10200.0,1.0,3.0,1966.0,0
1006,2024-05-05,Renton,"$356,000",,3.0,1650,8250.0,2.0,3.0,2018.0,0
1248,2024-02-12,Bellevue,"$365,000",2.0,1.0,1350,2300.0,2.0,4.0,1911.0,0
1019,2024-06-17,Kirkland,"$733,000",4.0,3.5,2480,10100.0,2.5,3.0,1961.0,0
3170,2024-01-03, Bellevue,"$845,000",3.0,2.0,2740,4480.0,2.0,4.0,1934.0,0
2971,2024-01-16,Seattle,"$554,000",3.0,2.5,2030,2650.0,2.5,3.0,2005.0,0
3710,2024-04-15, Redmond,"$655,000",3.0,2.0,2420,3510.0,2.0,3.0,1988.0,0
3233,2024-05-08,Seattle,"$329,000",3.0,2.0,1490,5960.0,1.5,3.0,1913.0,0
3323,2024-03-24,Bellevue,"$437,000",2.0,2.0,1220,3120.0,3.0,4.0,2021.0,0
3482,2024-03-26,Seattle,Not disclosed,5.0,3.0,3060,4010.0,1.0,3.0,1935.0,0
1812,2024-05-23, Seattle,"$1,193,000",7.0,4.0,5060,6010.0,3.0,3.0,2001.0,0
2301,2024-04-26,Seattle,"$714,000",4.0,3.5,3110,10390.0,3.0,5.0,1919.0,0
2336,2024-02-28,Renton,"$545,000",5.0,3.0,2850,,1.0,3.0,,0
3928,2024-05-13,Redmond,"$757,000",5.0,2.5,2890,6550.0,2.0,3.0,1982.0,0
1261,2024-06-23,Seattle,"$267,000",2.0,1.5,1260,11880.0,2.0,4.0,1919.0,0
2805,2024-06-07,Redmond,"$695,000",3.0,1.5,2600,4260.0,1.5,5.0,1999.0,0
2571,2024-03-17,,"$809,000",4.0,,2510,8090.0,2.0,5.0,1901.0,0
3230,2024-04-04,Redmond,"$878,000",4.0,2.5,3350,9730.0,2.0,3.0,1975.0,0
1185,2024-01-20,Kirkland,"$462,000",2.0,1.0,1800,,2.0,3.0,1960.0,0
3455,2024-04-01,Redmond,"$447,000",4.0,2.5,1730,4420.0,2.0,3.0,1995.0,0
2744,2024-03-30,Renton,"$389,000",3.0,2.5,2170,5390.0,1.0,4.0,1917.0,0
2631,2024-05-05,Bellevue,"$611,000",2.0,2.0,1760,7000.0,2.0,3.0,1983.0,0
2717,2024-03-13,Seattle,"$350,000",1.0,1.0,1750,9030.0,1.0,3.0,1912.0,0
1521,2024-06-26,Renton,"$441,000",4.0,3.5,2450,24120.0,1.5,3.0,1909.0,0
3429,2024-05-07,Redmond,"$471,000",3.0,2.5,1990,4750.0,2.5,3.0,1983.0,0
3017,2024-03-06, Seattle,"$578,000",5.0,3.5,2550,6920.0,3.0,4.0,1906.0,0
2659,2024-06-17,Bellevue,"$947,000",5.0,3.5,3270,7500.0,2.0,3.0,1970.0,0
2613,2024-03-19,Kirkland,"$583,000",4.0,2.5,1910,7060.0,1.0,2.0,1912.0,0
3476,2024-03-24,Seattle,"$315,000",3.0,3.0,1300,7490.0,2.0,3.0,1933.0,0
3127,2024-06-11,Seattle,"$594,000",4.0,3.0,1920,11420.0,1.0,4.0,1947.0,1
1127,2024-02-17,Seattle,"$404,000",3.0,2.5,1700,6250.0,2.5,3.0,1971.0,0
1608,2024-06-17,Seattle,"$471,000",2.0,1.5,2020,9390.0,2.0,4.0,1959.0,0
1231,2024-01-14,Seattle,"$638,000",3.0,2.0,2410,5350.0,1.5,3.0,2014.0,0
1332,2024-05-31,Seattle,"$405,000",2.0,3.0,1600,4380.0,1.0,4.0,1980.0,0
2441,2024-03-11,Seattle,"$866,000",4.0,2.5,3530,10140.0,1.0,4.0,1914.0,0
2928,2024-05-27,Kirkland,"$347,000",1.0,1.0,1090,8890.0,2.0,4.0,1950.0,0
2092,2024-01-09,Redmond,"$342,000",2.0,2.5,1390,6870.0,2.0,2.0,1989.0,0
2102,2024-05-31, Seattle,"$419,000",2.0,1.5,1470,8640.0,1.0,3.0,2013.0,0
2130,2024-02-03,Renton,"$362,000",3.0,1.0,1510,6480.0,2.0,4.0,1999.0,0
1462,2024-05-05,Seattle,"$570,000",5.0,3.0,2330,2540.0,2.0,5.0,1941.0,0
1959,2024-05-28,Bellevue ,"$313,000",1.0,1.0,1160,6240.0,3.0,2.0,2010.0,0
2663,2024-04-15,Kirkland,"$731,000",3.0,2.0,2580,7850.0,1.0,4.0,1956.0,0
1560,2024-02-20,Bellevue,"$497,000",2.0,1.0,"1,720 sqft",9870.0,1.0,3.0,1945.0,0
3739,2024-05-08,Kirkland,"$666,000",3.0,2.5,2180,,2.0,4.0,1974.0,0
3837,2024-02-06,Redmond,"$529,000",3.0,2.5,2000,9820.0,3.0,5.0,2014.0,0
2520,2024-04-28,Seattle,"$263,000",2.0,2.0,1190,14660.0,2.0,3.0,1958.0,0
3141,2024-01-02,Renton,"$331,000",3.0,3.0,1720,9040.0,1.0,3.0,1922.0,0
3927,2024-02-25,Redmond,"$757,000",3.0,2.5,3010,6670.0,2.0,3.0,1901.0,0
3033,2024-06-10,Seattle,"$523,000",2.0,2.0,1990,6100.0,2.0,3.0,1938.0,0
3485,2024-01-04,Kirkland,"$759,000",4.0,2.5,2660,5190.0,2.0,4.0,2006.0,0
3539,2024-01-04,Seattle,"$442,000",2.0,2.5,1610,17240.0,2.0,3.0,1926.0,0
3613,2024-03-06,Bellevue,$0,4.0,3.0,3410,3150.0,2.0,3.0,1996.0,0
3098,2024-04-12,Bellevue,"$911,000",4.0,2.5,2850,11660.0,1.0,3.0,2008.0,0
3868,2024-01-03,Redmond,"$452,000",3.0,2.5,1610,9450.0,2.5,5.0,1934.0,0
1070,2024-04-25,Bellevue,"$1,115,000",6.0,4.0,3780,3480.0,1.0,3.0,2005.0,0
2573,2024-02-15,Redmond,"$932,000",4.0,3.5,3330,20130.0,1.0,3.0,1988.0,0
1809,2024-03-24,Bellevue,"$490,000",3.0,3.0,1460,,1.0,2.0,2016.0,0
1012,2024-04-06,Renton,"$413,000",3.0,2.0,1810,7610.0,1.0,5.0,2008.0,0
3026,2024-06-08,Bellevue ,"$686,000",4.0,,2350,5550.0,1.0,3.0,1935.0,0
3193,2024-05-03,Kirkland,"$789,000",,2.5,3190,5890.0,1.0,3.0,1974.0,0
1918,2024-06-27,Seattle,"$516,000",4.0,3.0,2340,6150.0,2.0,4.0,1995.0,0
2452,2024-04-21,Redmond,"$602,000",4.0,2.5,2450,14750.0,1.5,3.0,1944.0,0
3688,2024-02-06,Redmond,"$1,170,000",7.0,4.5,4620,5060.0,1.0,4.0,1919.0,0
1177,2024-02-09,Bellevue,"$440,000",,1.5,1430,25500.0,2.0,3.0,1943.0,0
1995,2024-05-20,Renton,"$264,000",1.0,1.5,1160,2760.0,1.0,4.0,1947.0,0
3489,2024-05-23,Seattle,"$264,000",2.0,1.5,1250,11050.0,2.0,2.0,1925.0,0
3570,2024-03-24,Renton,"$182,000",1.0,1.0,1300,8610.0,1.0,3.0,,0
2256,2024-06-03,Renton,"$300,000",1.0,1.0,1470,5960.0,1.0,,1930.0,0
2665,2024-06-13,Renton,"$495,000",2.0,1.5,2130,9550.0,2.0,5.0,1902.0,0
3192,2024-01-12,Redmond,"$423,000",,2.5,1590,9600.0,2.0,4.0,1965.0,0
3802,2024-06-20,Bellevue,"$503,000",2.0,2.5,1690,20070.0,1.5,3.0,1969.0,0
3568,2024-05-03,Seattle,"$393,000",2.0,1.5,1600,4210.0,2.0,3.0,,0
2509,2024-05-19,Seattle,"$209,000",1.0,2.0,890,9400.0,2.5,4.0,1980.0,0
2791,2024-06-24,Kirkland,"$423,000",1.0,1.0,1680,6350.0,1.0,4.0,1986.0,0
3477,2024-02-12,Seattle,"$584,000",3.0,2.5,2270,7070.0,1.0,5.0,1974.0,0
3661,2024-05-26,Kirkland,"$542,000",3.0,2.0,2180,3240.0,2.5,4.0,1979.0,0
1157,2024-02-03,Seattle,"$622,000",3.0,1.5,2670,2800.0,2.0,3.0,1959.0,0
3588,2024-04-10,Seattle,"$640,000",3.0,2.5,2410,26720.0,1.0,4.0,1980.0,0
2461,2024-04-13,Kirkland,"$411,000",2.0,1.5,1380,6000.0,1.0,,1992.0,0
3047,2024-06-18,Bellevue,"$411,000",2.0,1.5,1480,2530.0,1.5,3.0,1944.0,0
2851,2024-02-29, Seattle,"$500,000",3.0,1.5,2120,4780.0,1.5,3.0,1930.0,0
3510,2024-03-31,Redmond,"$682,000",5.0,3.0,2450,2110.0,2.0,5.0,1993.0,0
3625,2024-06-04,Redmond,"$628,000",4.0,2.5,2260,22530.0,1.5,4.0,1968.0,0
3304,2024-05-04,Bellevue,"$418,000",2.0,1.5,1400,,1.5,5.0,1931.0,0
3006,2024-05-11,Renton,"$579,000",4.0,3.0,2430,17510.0,1.0,,2016.0,0
2186,2024-04-06,Kirkland,"$478,000",2.0,3.0,1480,4390.0,1.0,4.0,2015.0,0
2007,2024-03-26,Renton,"$749,000",4.0,2.0,3190,2890.0,2.0,4.0,1981.0,1
1561,2024-04-06,Seattle,"$499,000",3.0,2.5,2070,8570.0,1.5,3.0,1955.0,0
3257,2024-03-27,Renton,"$302,000",2.0,2.0,1320,6400.0,2.0,3.0,,0
1911,2024-03-18,Kirkland,"$982,000",5.0,4.0,3630,2780.0,2.0,5.0,1914.0,0
2312,2024-03-28,Renton,"$434,000",2.0,2.5,2050,,2.0,3.0,2017.0,0
3050,2024-04-30, Seattle,"$251,000",1.0,1.0,1040,8560.0,3.0,2.0,1983.0,0
1270,2024-03-28,Seattle,"$412,000",3.0,2.0,1710,21580.0,1.0,3.0,1904.0,0
2994,2024-02-22,Seattle,"$626,000",4.0,3.0,2890,8780.0,1.0,3.0,1914.0,0
1266,2024-01-05,Seattle,"$679,000",3.0,3.5,2720,7720.0,3.0,4.0,1931.0,0
1915,2024-05-18,Renton,"$1,002,000",5.0,3.5,4960,11600.0,1.0,3.0,1925.0,0
3279,2024-01-09,Renton,"$573,000",3.0,2.5,2460,3830.0,1.0,4.0,2015.0,0
3232,2024-04-14,Redmond,"$352,000",4.0,2.0,1380,6750.0,1.0,3.0,1952.0,0
2786,2024-06-21,Kirkland,"$585,000",3.0,2.0,2100,11030.0,2.5,4.0,1911.0,0
1874,2024-06-11,Bellevue,"$433,000",3.0,2.0,1420,5150.0,2.5,3.0,1900.0,0
3094,2024-01-29,Seattle,"$461,000",3.0,,1820,32460.0,1.0,3.0,1942.0,0
3447,2024-03-18,Seattle,"$702,000",5.0,4.0,2690,2420.0,2.5,2.0,1976.0,0
1476,2024-01-28,Seattle,"$518,000",2.0,2.5,2260,4840.0,2.0,5.0,1910.0,0
2653,2024-01-17,Seattle,"$523,000",3.0,2.5,2240,3030.0,2.0,2.0,1926.0,0
2961,2024-04-27,Redmond,"$407,000",,3.0,1420,4860.0,1.0,2.0,1930.0,0
1046,2024-06-01,Kirkland,"$385,000",2.0,1.0,1540,2510.0,2.0,4.0,1963.0,0
1162,2024-01-14,Renton,"$737,000",5.0,3.0,3600,9260.0,1.0,2.0,2000.0,0
3776,2024-05-22,,"$549,000",3.0,,2010,4220.0,2.0,4.0,1902.0,0
3678,2024-02-04,Kirkland,"$742,000",5.0,3.0,2620,,2.0,3.0,1962.0,0
1289,2024-04-09,Bellevue,"$629,000",3.0,2.5,1960,13910.0,2.0,2.0,1986.0,0
2521,2024-06-03,SEATTLE,"$509,000",2.0,1.5,2190,6800.0,2.0,5.0,1956.0,0
2949,2024-05-28,Seattle,"$440,000",4.0,3.5,2090,10380.0,2.0,1.0,1911.0,0
1576,2024-02-25,Bellevue,"$716,000",3.0,2.5,2300,6250.0,1.5,4.0,1964.0,0
1851,2024-02-14,Seattle,"$697,000",5.0,3.0,3050,5890.0,1.0,4.0,1910.0,0
1912,2024-01-06,Renton,"$464,000",3.0,2.0,1960,13300.0,1.5,4.0,,0
2255,2024-06-12, Seattle,"$569,000",3.0,1.5,1670,,2.0,2.0,1949.0,1
2834,2024-02-21,Seattle,"$369,000",2.0,2.0,1340,9860.0,1.0,3.0,1905.0,0
2723,2024-02-02,Kirkland,"$523,000",2.0,2.5,1850,7230.0,2.0,4.0,1908.0,0
3134,2024-04-10,Renton,"$135,000",2.0,1.5,910,8830.0,2.0,2.0,1958.0,0
2736,2024-03-26,Kirkland,"$881,000",6.0,5.0,3640,19460.0,2.0,3.0,1903.0,0
1933,2024-05-16,Bellevue,"$434,000",2.0,2.0,1300,4940.0,1.0,3.0,1973.0,0
2101,2024-05-20,Seattle,"$633,000",,3.5,2340,12850.0,1.0,4.0,1939.0,0
2208,2024-01-30,Bellevue,"$553,000",2.0,2.0,1810,3430.0,2.0,4.0,1902.0,0
3296,2024-01-16,Seattle,"$519,000",3.0,2.5,2160,14050.0,1.0,5.0,1959.0,0
2844,2024-02-19,Renton,"$355,000",4.0,2.5,1410,2080.0,1.0,5.0,1988.0,0
2849,2024-06-19,Bellevue,"$947,000",4.0,3.0,2920,4550.0,3.0,4.0,2000.0,0
3525,2024-02-12,Renton,"$674,000",4.0,3.5,2970,3910.0,2.0,3.0,2020.0,0
2695,2024-06-20,Redmond,"$628,000",2.0,1.5,2500,6380.0,2.0,4.0,1939.0,0
1086,2024-02-25,Seattle,"$476,000",4.0,2.5,2170,7100.0,1.0,3.0,1951.0,0
1470,2024-06-16,Bellevue,"$444,000",2.0,1.5,1480,2770.0,2.0,3.0,1989.0,0
3274,2024-03-23,Kirkland,"$298,000",1.0,1.0,1140,9030.0,1.5,3.0,1980.0,0
3823,2024-01-16,Seattle ,"$649,000",3.0,2.5,2070,3440.0,3.0,3.0,1917.0,1
3380,2024-06-27,Redmond,"$591,000",4.0,,2260,9040.0,1.5,3.0,1994.0,0
1234,2024-04-27,Redmond,"$332,000",2.0,1.5,1400,7370.0,2.5,3.0,1927.0,0
3637,2024-05-03,Bellevue,"$611,000",2.0,2.0,2040,,1.0,5.0,2015.0,0
3524,2024-01-28,Redmond,"$237,000",,1.5,990,6920.0,1.5,5.0,1929.0,0
3987,2024-05-04,SEATTLE,"$386,000",2.0,1.5,1710,16260.0,2.5,1.0,1984.0,0
3648,2024-02-06,Kirkland,"$490,000",2.0,1.0,2180,5910.0,1.5,2.0,1924.0,0
3470,2024-04-21,Seattle,"$291,000",1.0,1.0,1200,3540.0,1.0,5.0,1931.0,0
2712,2024-06-24,bellevue,"$636,000",3.0,2.5,1870,5890.0,1.5,3.0,1972.0,0
1183,2024-04-19,Bellevue,"$826,000",5.0,3.0,2470,4610.0,1.0,3.0,2022.0,0
1989,2024-06-11,Seattle,"$411,000",1.0,2.0,1700,1500.0,1.5,3.0,1901.0,0
2001,2024-04-01,Seattle,"$711,000",4.0,3.0,2790,3580.0,1.5,3.0,1989.0,0
2642,2024-04-06,Seattle,"$709,000",4.0,2.0,2740,5540.0,1.0,2.0,1910.0,0
2357,2024-05-10,,"$619,000",4.0,2.5,2200,12060.0,1.0,3.0,1947.0,0
2463,2024-05-30,Seattle,"$515,000",3.0,2.0,2070,3870.0,1.5,4.0,1934.0,0
1050,2024-03-07,Seattle,Not disclosed,2.0,1.0,1770,3430.0,1.5,1.0,1992.0,0
3933,2024-05-29,Redmond,"$295,000",2.0,1.5,1070,11600.0,1.0,3.0,2019.0,0
3578,2024-06-03,Renton,"$462,000",2.0,2.0,2190,7060.0,1.0,2.0,1948.0,0
2259,2024-05-19,Bellevue,"$706,000",3.0,3.5,2530,14810.0,3.0,3.0,1917.0,0
1487,2024-03-21,Bellevue,"$910,000",,3.0,2920,8160.0,2.5,4.0,1971.0,0
3088,2024-05-20,Seattle,"$372,000",3.0,3.0,1450,9120.0,1.0,4.0,1986.0,0
3546,2024-03-28,Bellevue,"$751,000",3.0,2.5,2590,6670.0,2.0,4.0,1900.0,0
2909,2024-04-11,Kirkland,"$270,000",1.0,1.0,1340,8190.0,1.0,,1925.0,0
1107,2024-03-25,Bellevue,"$547,000",3.0,2.0,1850,8550.0,2.0,5.0,1924.0,0
1444,2024-05-17,Seattle,"$622,000",2.0,1.5,2370,12950.0,1.0,3.0,2004.0,0
2955,2024-06-30,Renton,"$687,000",4.0,2.0,3320,1500.0,2.0,4.0,1992.0,0
1647,2024-02-23,Seattle,"$349,000",2.0,2.5,1190,12420.0,2.0,5.0,1964.0,0
2763,2024-03-25,Seattle,"$543,000",4.0,3.5,2160,2620.0,1.0,3.0,1920.0,0
1727,2024-05-30,Seattle,"$500,000",1.0,1.5,1900,6310.0,1.0,4.0,1946.0,0
3239,2024-06-17,Bellevue,"$578,000",2.0,1.5,1840,9730.0,2.0,3.0,2015.0,0
2857,2024-02-25,Seattle,"$565,000",3.0,2.5,2330,4030.0,1.5,3.0,1934.0,0
3331,2024-04-30,Redmond,"$539,000",3.0,3.0,2290,8630.0,1.0,3.0,1913.0,0
1030,2024-05-31,Redmond,"$557,000",4.0,3.0,2110,16050.0,1.0,3.0,,0
1170,2024-03-13,Renton,"$439,000",,2.0,2500,3340.0,1.5,3.0,1938.0,0
2002,2024-06-12,Bellevue,"$729,000",4.0,3.0,2180,,1.5,3.0,1914.0,0
3149,2024-04-10,Kirkland,"$401,000",1.0,1.5,1520,4060.0,1.0,3.0,1974.0,0
1198,2024-01-25,Renton,"$461,000",3.0,2.5,2400,6430.0,3.0,3.0,1902.0,0
1496,2024-04-15,Bellevue,"$1,022,000",6.0,3.5,3670,15040.0,2.0,2.0,1916.0,0
3027,2024-03-28,Kirkland,"$419,000",2.0,1.5,1390,6590.0,1.0,3.0,1978.0,0
1648,2024-04-02,Bellevue,"$633,000",2.0,1.0,2380,6520.0,1.0,2.0,1914.0,0
1045,2024-06-24,Kirkland,"$573,000",2.0,2.0,1820,11520.0,1.0,3.0,2000.0,0
3759,2024-03-08,Redmond,"$430,000",2.0,2.0,1680,6470.0,2.0,3.0,,0
1374,2024-04-22,Seattle,"$609,000",2.0,1.5,2250,3520.0,2.0,4.0,2014.0,0
1679,2024-02-10,Seattle,"$288,000",1.0,1.5,1450,4790.0,1.0,4.0,1965.0,0
1567,2024-01-19,Kirkland,"$708,000",5.0,3.0,2340,7230.0,1.0,4.0,2018.0,0
3896,2024-04-06,Seattle,"$359,000",1.0,1.5,1660,7280.0,1.0,1.0,1955.0,0
1461,2024-01-27,Redmond,"$358,000",2.0,2.0,1320,6220.0,1.0,3.0,1933.0,0
2933,2024-06-06,Kirkland,"$492,000",3.0,1.5,1960,3680.0,1.0,4.0,1985.0,0
2156,2024-02-27,Seattle,"$452,000",3.0,1.5,1630,2790.0,2.0,4.0,2002.0,0
1040,2024-04-06,Redmond,"$553,000",3.0,2.5,1880,9460.0,3.0,3.0,1998.0,0
3483,2024-01-21,Seattle,"$395,000",1.0,1.5,1070,14420.0,2.0,5.0,1903.0,1
1974,2024-03-10,Renton,"$200,000",1.0,1.0,1090,10570.0,1.0,3.0,1994.0,0
2787,2024-04-12,Seattle,"$476,000",2.0,2.0,2010,4410.0,2.0,3.0,1938.0,0
2499,2024-04-08,seattle,"$343,000",2.0,1.5,1060,9630.0,1.0,2.0,1954.0,0
3505,2024-02-10,Seattle,"$457,000",2.0,1.5,"1,850 sqft",7810.0,2.0,4.0,2004.0,0
2836,2024-04-23,Seattle,"$225,000",2.0,2.0,1130,13530.0,1.0,1.0,1905.0,0
3309,2024-04-21,redmond,"$432,000",1.0,1.0,1490,18420.0,1.0,3.0,2022.0,0
2841,2024-05-28,,"$572,000",4.0,3.0,2390,14170.0,2.0,4.0,1906.0,0
3084,2024-05-19,Seattle ,"$393,000",2.0,1.5,1370,12080.0,3.0,3.0,2014.0,0
1828,2024-06-10,Seattle,"$383,000",3.0,3.0,1630,8490.0,1.0,3.0,1962.0,0
2936,2024-05-25, Seattle,"$1,045,000",6.0,4.5,4040,8690.0,2.0,3.0,1921.0,0
3045,2024-01-11,Renton,"$439,000",3.0,2.5,2310,15780.0,1.0,4.0,1904.0,0
1310,2024-05-25,SEATTLE,"$483,000",3.0,1.5,2080,7320.0,2.0,3.0,1909.0,0
1277,2024-06-18,Seattle,"$441,000",2.0,1.5,1570,4190.0,2.0,3.0,1989.0,0
1637,2024-06-14,Redmond,"$616,000",3.0,2.0,2560,6230.0,1.0,3.0,1967.0,0
1655,2024-05-06,Renton,"$413,000",3.0,2.5,2040,26220.0,2.0,3.0,1938.0,0
1623,2024-06-08,Renton,"$344,000",3.0,2.5,1740,14380.0,1.0,4.0,1937.0,0
2860,2024-05-28,Seattle,"$532,000",3.0,2.5,2460,10090.0,2.0,,1938.0,0
1845,2024-04-29,Seattle,"$758,000",3.0,2.5,2230,7340.0,1.0,3.0,2018.0,1
1394,2024-01-05,Redmond,"$631,000",3.0,2.5,2330,9140.0,1.0,3.0,1985.0,0
3156,2024-05-25,Renton,"$264,000",2.0,2.5,1150,15100.0,1.0,3.0,1989.0,0
1350,2024-03-07,Seattle,"$392,000",3.0,2.5,1560,7590.0,2.0,4.0,1984.0,0
3573,2024-03-02,Kirkland,"$331,000",2.0,,1370,13320.0,1.0,4.0,1917.0,0
1785,2024-04-08,Renton,"$532,000",3.0,2.5,2220,14530.0,1.0,4.0,1956.0,0
1048,2024-04-27,seattle,"$402,000",2.0,2.0,1840,12720.0,2.0,3.0,1947.0,0
2979,2024-03-03,Kirkland,"$584,000",3.0,2.5,2260,13260.0,2.5,4.0,1907.0,0
3252,2024-03-04,Kirkland,"$305,000",2.0,1.5,1300,4890.0,2.0,4.0,2005.0,0
2656,2024-02-07,Bellevue,"$351,000",1.0,1.0,1050,4600.0,2.0,3.0,1919.0,0
3070,2024-05-13,Bellevue,"$436,000",3.0,2.5,1490,27920.0,2.0,3.0,1914.0,0
1403,2024-05-20,Kirkland,"$473,000",1.0,,1720,3260.0,1.0,5.0,1989.0,0
2108,2024-04-26,,"$614,000",3.0,3.0,1960,21560.0,2.5,3.0,2018.0,0
2155,2024-02-27,Bellevue,"$215,000",1.0,1.0,1040,11940.0,1.0,2.0,2005.0,0
2440,2024-06-28,Renton,"$256,000",1.0,1.0,1280,,2.0,4.0,1922.0,0
3649,2024-06-08,Redmond,"$731,000",3.0,2.5,2260,10820.0,3.0,3.0,1997.0,1
3002,2024-06-05,Bellevue,"$467,000",3.0,2.5,1660,6790.0,3.0,3.0,1908.0,0
1990,2024-03-06,Kirkland,"$346,000",2.0,1.0,1290,4000.0,1.5,3.0,1968.0,0
2866,2024-02-13,Renton,"$412,000",3.0,2.0,1630,47120.0,2.0,5.0,1965.0,0
3790,2024-06-17,Bellevue,"$540,000",3.0,2.0,1910,12290.0,1.0,2.0,,0
2311,2024-05-27,Bellevue,"$418,000",1.0,1.0,1460,,2.0,5.0,1970.0,0
1034,2024-06-05,Bellevue,"$846,000",4.0,2.5,3110,10830.0,2.0,3.0,,0
1788,2024-01-10,Seattle,"$467,000",4.0,3.5,1930,2380.0,1.0,,1952.0,0
3972,2024-04-17,Redmond,"$918,000",6.0,4.0,3470,4200.0,2.0,3.0,2009.0,0
2044,2024-04-13,Redmond,"$505,000",3.0,2.0,2120,9150.0,1.0,4.0,1900.0,0
1482,2024-01-12,Seattle,"$351,000",1.0,2.0,1290,3720.0,1.0,1.0,2050.0,0
2244,2024-01-09,Seattle,"$453,000",3.0,2.0,2190,7850.0,1.5,2.0,1927.0,0
3628,2024-04-29,Seattle,"$794,000",6.0,4.5,3360,4700.0,3.0,5.0,1974.0,0
3530,2024-06-24,REDMOND,"$322,000",1.0,1.0,1310,2770.0,2.0,4.0,1960.0,0
1932,2024-06-21,Bellevue,"$272,000",1.0,1.5,1040,24130.0,1.5,3.0,1942.0,0
3405,2024-02-28,Kirkland,"$800,000",4.0,3.5,2600,14320.0,3.0,4.0,2008.0,0
2686,2024-04-03,Seattle,"$1,176,000",7.0,5.0,4940,,1.0,2.0,1966.0,0
2249,2024-04-19,Renton,"$411,000",3.0,2.0,1950,5280.0,2.0,3.0,1973.0,0
1760,2024-02-02,Bellevue,"$487,000",1.0,1.5,960,4020.0,2.5,4.0,2020.0,1
1093,2024-05-26,Bellevue,"$544,000",3.0,2.0,1910,12290.0,3.0,5.0,2015.0,0
2176,2024-01-30,Kirkland,"$837,000",5.0,3.5,3180,2460.0,2.0,2.0,1905.0,0
2416,2024-02-18,Kirkland,"$618,000",4.0,4.0,2190,4560.0,2.0,4.0,,0
2342,2024-06-02,Kirkland,"$485,000",2.0,1.5,2180,14830.0,1.0,3.0,1920.0,0
2473,2024-03-04,Seattle,"$665,000",4.0,2.5,2960,3330.0,1.5,2.0,1932.0,0
3852,2024-04-08,Bellevue,"$565,000",2.0,1.5,1860,13210.0,2.0,5.0,2005.0,0
3794,2024-01-26,Renton,"$226,000",2.0,1.5,1040,9440.0,1.5,4.0,1923.0,0
3328,2024-04-03,Seattle,"$550,000",2.0,1.5,2280,6850.0,2.5,5.0,1967.0,0
2608,2024-05-25,Seattle,"$678,000",3.0,2.5,2750,8000.0,2.0,4.0,1997.0,0
1765,2024-01-01,Renton,"$318,000",2.0,2.0,1790,6010.0,1.0,3.0,1981.0,0
3653,2024-03-06,kirkland,"$587,000",4.0,3.0,2010,4370.0,2.0,3.0,1932.0,0
3748,2024-03-23,Seattle,"$381,000",2.0,2.0,1580,3870.0,1.0,4.0,1984.0,0
2374,2024-05-28,Kirkland,"$551,000",3.0,2.0,2080,11650.0,1.0,3.0,1983.0,0
2952,2024-06-20,Seattle,"$545,000",,1.5,2220,8300.0,1.0,3.0,2012.0,0
3449,2024-01-12,Redmond,"$334,000",2.0,2.0,1500,3710.0,1.5,4.0,1950.0,0
2729,2024-05-01,Seattle,"$408,000",3.0,1.5,1680,14310.0,1.0,4.0,1937.0,0
1258,2024-04-20,Seattle,"$318,000",2.0,1.5,1160,16040.0,2.5,1.0,1948.0,0
1945,2024-01-04,Bellevue,"$598,000",3.0,1.5,2130,15790.0,1.0,3.0,1919.0,0
2220,2024-03-14,Seattle,"$476,000",4.0,3.5,2170,4720.0,1.5,4.0,1906.0,0
2162,2024-03-23,Redmond,"$658,000",4.0,3.5,2310,16570.0,3.0,5.0,2010.0,0
3543,2024-01-08,Seattle,"$295,000",1.0,1.0,1310,12620.0,1.0,3.0,1957.0,0
1773,2024-02-05,Redmond,"$471,000",2.0,2.0,1750,19430.0,1.0,2.0,1923.0,0
3599,2024-03-21, Renton,"$614,000",4.0,,2350,18970.0,2.0,3.0,2018.0,0
2487,2024-01-27,Renton,"$659,000",3.0,3.0,3060,5470.0,1.5,5.0,1921.0,0
3250,2024-03-26,Seattle,"$444,000",3.0,2.5,1860,8630.0,1.0,4.0,1951.0,0
1313,2024-04-16,Seattle,Not disclosed,4.0,2.5,2140,15350.0,1.0,3.0,1915.0,0
1291,2024-02-26,Kirkland,"$274,000",2.0,1.0,1000,5090.0,1.0,3.0,1945.0,0
1764,2024-06-02,Seattle,"$393,000",2.0,1.5,1490,4660.0,1.0,3.0,1990.0,0
3998,2024-03-29, Seattle,"$598,000",4.0,3.0,2290,21370.0,1.5,,1925.0,0
1184,2024-03-09,,"$354,000",1.0,1.0,1510,2620.0,2.0,3.0,1938.0,0
2177,2024-01-09,Bellevue,"$576,000",3.0,2.5,1920,11070.0,2.0,5.0,1982.0,0
2350,2024-06-08,Seattle,"$606,000",4.0,2.5,2510,3670.0,2.0,4.0,1959.0,0
3299,2024-04-17,Seattle,"$215,000",1.0,1.0,1090,4440.0,1.0,3.0,1929.0,0
3872,2024-04-02,BELLEVUE,"$573,000",3.0,,1700,,1.5,4.0,1960.0,0
2100,2024-06-04,Seattle,"$557,000",3.0,2.5,2330,10850.0,1.0,4.0,2002.0,0
3989,2024-02-28,Seattle,"$746,000",5.0,3.0,3450,6360.0,3.0,4.0,1903.0,0
1392,2024-02-22,Seattle,"$627,000",4.0,4.0,2610,10250.0,1.0,4.0,1950.0,0
2920,2024-05-30,Renton,"$889,000",7.0,,3880,9170.0,1.0,4.0,2012.0,0
2457,2024-01-09,Seattle,"$832,000",5.0,4.0,3320,4460.0,1.0,3.0,2011.0,0
2093,2024-04-09,Seattle,Not disclosed,3.0,2.0,1360,3630.0,1.5,4.0,1945.0,0
3023,2024-01-19,Seattle,"$988,000",4.0,3.5,3920,7370.0,1.0,4.0,1910.0,0
1905,2024-04-28,Renton,"$373,000",2.0,1.5,1810,7350.0,2.0,4.0,1946.0,0
3779,2024-04-23,Seattle,"$137,000",1.0,1.0,640,5240.0,3.0,,1969.0,0
3603,2024-02-15,Bellevue,"$338,000",1.0,2.0,1270,4910.0,2.0,3.0,1983.0,0
1367,2024-03-04,Kirkland,"$596,000",2.0,2.0,2000,9140.0,2.0,3.0,1956.0,0
1346,2024-03-10,Kirkland,"$421,000",3.0,1.5,1450,16130.0,2.0,4.0,2023.0,0
3584,2024-04-20,Seattle,"$440,000",1.0,1.0,1950,11640.0,1.0,,2014.0,0
2373,2024-03-08,Bellevue,"$538,000",2.0,2.0,1900,8430.0,2.0,4.0,1910.0,0
2640,2024-04-07,Kirkland,"$540,000",3.0,2.0,2120,2330.0,2.0,4.0,1923.0,0
1920,2024-01-15,Redmond,"$269,000",2.0,1.5,1180,7890.0,1.5,3.0,1950.0,0
1212,2024-03-18,Redmond,"$546,000",3.0,3.0,1650,3170.0,2.0,5.0,1996.0,0
2604,2024-03-26,Kirkland,"$369,000",,2.5,1380,11580.0,2.0,3.0,1907.0,0
3551,2024-01-24,Bellevue,"$864,000",5.0,3.0,3120,4260.0,2.0,2.0,1949.0,0
1538,2024-03-12,Seattle,"$266,000",2.0,2.0,1110,5540.0,1.0,3.0,1994.0,0
2221,2024-04-28,seattle,"$320,000",,2.0,1420,7420.0,1.0,3.0,1953.0,0
1176,2024-03-12,Seattle ,"$290,000",3.0,2.5,"1,210 sqft",16800.0,1.0,3.0,1918.0,0
